robot_max_speed,robot_radius,success_rate,collision_rate,timeout_rate,average_path_length,average_time_diff,width,height,indoor_map_type,iterations,corridor_width,outdoor_map_type,num_static_obstacles,static_obstacle_size,other_map_type,mean_angle_info,entropy,map_size,max_entropy,num_obs_cv2,occupancy_ratio,distance_normalized,distance_avg,distance_variance,average_linear_velocity,average_obstalce_size,number_dynamic_obstacles,crowdnav,dwa,rlca,teb
1.1,0.625,0.2,0.8,0.0,101.4,3539030003536,45.0,45.0,1,30,2.5,0,0,0.0,0,360.0,0.0309,4050,2.3219,2,0.483,1.0,0.0094,0.0,0.67,0.47,8,1,0,0,0
1.1,0.625,0.27,0.73,0.0,74.26,1601093334932,35.0,35.0,1,30,2.0,0,0,0.0,0,90.0,0.0199,2450,2.3219,4,0.5069,1.0,0.0052,0.0,0.62,0.78,6,1,0,0,0
1.1,0.625,0.97,0.03,0.0,59.92,1311546667977,35.0,35.0,1,70,2.5,0,0,0.0,0,180.0,0.0244,2450,2.3219,2,0.3137,1.0,0.0003,0.0,0.61,0.52,3,1,0,0,0
0.22,0.113,0.63,0.37,0.0,85.33,1528076668192,25.0,25.0,1,30,2.5,0,0,0.0,0,180.0,0.0145,1250,2.3219,2,0.3012,0.0,0.0,1.0,0.53,0.6,6,1,0,0,0
1.1,0.625,0.47,0.53,0.0,72.66,1520533334852,35.0,35.0,1,45,2.5,0,0,0.0,0,360.0,0.0236,2450,2.3219,1,0.3637,0.0,0.0,1.0,0.61,0.44,6,1,0,0,0
0.22,0.113,0.53,0.47,0.0,39.6,781746667446,35.0,35.0,1,30,1.5,0,0,0.0,0,180.0,0.0169,2450,2.3219,7,0.6031,0.4,0.0124,0.0,0.63,0.62,6,1,0,0,0
0.22,0.113,0.37,0.63,0.0,87.48,1267236667933,45.0,45.0,1,45,1.5,0,0,0.0,0,180.0,0.0279,4050,2.3219,2,0.5815,1.0,0.0045,0.0,0.58,0.51,12,1,0,0,0
1.1,0.625,0.37,0.63,0.0,78.11,1839346668503,35.0,35.0,1,30,2.0,0,0,0.0,0,180.0,0.0182,2450,2.3219,4,0.5373,1.0,0.0069,0.0,0.63,0.6,9,1,0,0,0
2.0,0.267,0.73,0.27,0.0,144.14,2168850002167,45.0,45.0,1,45,2.5,0,0,0.0,0,310.3448,0.0321,4050,2.3219,8,0.4621,0.4,0.0125,0.0,0.77,0.59,4,1,0,0,0
0.22,0.113,0.53,0.43,0.03,178.71,3069116669733,45.0,45.0,1,70,1.5,0,0,0.0,0,180.0,0.0324,4050,2.3219,5,0.4901,0.6,0.0099,0.0,0.56,0.41,4,1,0,0,0
0.22,0.113,0.67,0.33,0.0,64.36,1227573334560,25.0,25.0,1,15,2.5,0,0,0.0,0,360.0,0.0118,1250,2.3219,2,0.4624,1.0,0.0155,0.0,0.68,0.78,4,1,0,0,0
1.1,0.625,0.34,0.66,0.0,72.59,2520896554243,35.0,35.0,1,70,1.5,0,0,0.0,0,288.0,0.025,2450,2.3219,10,0.3686,0.4,0.0162,0.0,0.4,0.32,3,1,0,0,0
1.1,0.625,0.34,0.66,0.0,75.69,3287310348112,35.0,35.0,1,45,1.5,0,0,0.0,0,270.0,0.0208,2450,2.3219,7,0.4927,0.7,0.0123,0.0,0.0,0.0,0,1,0,0,0
1.1,0.625,0.23,0.77,0.0,82.55,2278136668943,35.0,35.0,1,45,2.5,0,0,0.0,0,180.0,0.0242,2450,2.3219,5,0.3365,0.6,0.0064,0.0,0.63,0.65,9,1,0,0,0
2.0,0.267,0.73,0.27,0.0,51.78,1167850001166,25.0,25.0,1,45,2.0,0,0,0.0,0,180.0,0.0133,1250,2.3219,3,0.3564,1.0,0.006,0.0,0.61,0.43,4,1,0,0,0
2.0,0.267,0.4,0.6,0.0,75.1,1424186668089,25.0,25.0,1,15,2.5,0,0,0.0,0,180.0,0.0121,1250,2.3219,2,0.4392,0.0,0.0,1.0,0.66,0.52,6,1,0,0,0
0.22,0.113,0.76,0.24,0.0,93.33,1540786208435,25.0,25.0,1,15,2.0,0,0,0.0,0,360.0,0.0112,1250,2.3219,1,0.502,0.0,0.0,1.0,0.6,0.34,4,1,0,0,0
1.1,0.625,0.62,0.38,0.0,94.48,2092872415883,35.0,35.0,1,70,2.5,0,0,0.0,0,180.0,0.0282,2450,2.3219,6,0.2194,0.7,0.0069,0.0,0.52,0.64,3,1,0,0,0
0.22,0.113,0.9,0.1,0.0,69.82,1309853334641,25.0,25.0,1,45,2.5,0,0,0.0,0,180.0,0.0152,1250,2.3219,2,0.2248,0.0,0.0,1.0,0.57,0.58,4,1,0,0,0
0.22,0.113,0.43,0.57,0.0,76.53,1442416668106,25.0,25.0,1,15,1.5,0,0,0.0,0,180.0,0.0095,1250,2.3219,2,0.6116,0.0,0.0,1.0,0.69,0.7,4,1,0,0,0
0.22,0.113,0.53,0.47,0.0,128.74,2665390002662,45.0,45.0,1,70,2.0,0,0,0.0,0,315.0,0.037,4050,2.3219,11,0.3809,0.5,0.0125,0.0,0.52,0.51,8,1,0,0,0
1.1,0.625,0.28,0.69,0.03,72.65,2865724140795,45.0,45.0,1,70,1.5,0,0,0.0,0,231.4286,0.0338,4050,2.3219,20,0.4567,0.5,0.0095,0.0,0.59,0.66,8,1,0,0,0
0.22,0.113,0.73,0.27,0.0,95.5,1844530001843,35.0,35.0,1,30,2.5,0,0,0.0,0,90.0,0.0221,2450,2.3219,4,0.4192,0.5,0.006,0.0,0.65,0.73,3,1,0,0,0
0.22,0.113,0.43,0.57,0.0,65.49,1551410001549,25.0,25.0,1,45,1.5,0,0,0.0,0,240.0,0.0136,1250,2.3219,3,0.3612,1.0,0.0071,0.0,0.4,0.63,6,1,0,0,0
0.22,0.113,0.8,0.2,0.0,112.95,2532490002530,45.0,45.0,1,70,2.0,0,0,0.0,0,288.0,0.0342,4050,2.3219,10,0.4216,0.6,0.0103,0.0,0.0,0.0,0,1,0,0,0
0.22,0.113,0.86,0.14,0.0,92.51,2021882760640,35.0,35.0,1,70,2.0,0,0,0.0,0,240.0,0.0267,2450,2.3219,5,0.2773,0.4,0.0059,0.0,0.0,0.0,0,1,0,0,0
0.22,0.113,0.8,0.2,0.0,67.46,1538273334871,25.0,25.0,1,30,2.0,0,0,0.0,0,180.0,0.0143,1250,2.3219,3,0.3072,1.0,0.0097,0.0,0.0,0.0,0,1,0,0,0
0.22,0.113,0.3,0.7,0.0,175.86,3698493337030,45.0,45.0,1,30,1.5,0,0,0.0,0,180.0,0.0271,4050,2.3219,2,0.5938,0.0,0.0,1.0,0.67,0.26,4,1,0,0,0
0.22,0.113,0.4,0.6,0.0,78.72,1288840001287,35.0,35.0,1,30,1.5,0,0,0.0,0,360.0,0.0192,2450,2.3219,2,0.5308,1.0,0.0053,0.0,0.47,0.59,9,1,0,0,0
0.22,0.113,0.47,0.53,0.0,130.33,2231920002231,45.0,45.0,1,45,2.5,0,0,0.0,0,320.0,0.0335,4050,2.3219,6,0.4309,0.5,0.0097,0.0,0.58,0.67,12,1,0,0,0
0.22,0.113,0.27,0.73,0.0,116.3,2721130002719,45.0,45.0,1,70,1.5,0,0,0.0,0,196.3636,0.0335,4050,2.3219,11,0.4716,0.5,0.0111,0.0,0.59,0.54,12,1,0,0,0
0.22,0.113,0.2,0.8,0.0,123.9,3644453336975,45.0,45.0,1,30,2.0,0,0,0.0,0,360.0,0.0278,4050,2.3219,1,0.5664,0.0,0.0,1.0,0.41,0.53,4,1,0,0,0
0.22,0.113,0.57,0.43,0.0,139.98,2637400002635,45.0,45.0,1,70,2.5,0,0,0.0,0,120.0,0.0393,4050,2.3219,9,0.2867,0.7,0.0091,0.0,0.6,0.51,12,1,0,0,0
0.22,0.113,0.2,0.77,0.03,143.25,3977186670642,45.0,45.0,1,15,2.5,0,0,0.0,0,360.0,0.0273,4050,2.3219,1,0.5554,0.0,0.0,1.0,0.5,0.51,4,1,0,0,0
0.22,0.113,0.77,0.23,0.0,57.2,1139093334470,25.0,25.0,1,45,2.5,0,0,0.0,0,180.0,0.0158,1250,2.3219,2,0.2308,0.0,0.0,1.0,0.56,0.35,6,1,0,0,0
0.22,0.113,0.66,0.34,0.0,50.49,1254248277114,25.0,25.0,1,15,2.0,0,0,0.0,0,180.0,0.0115,1250,2.3219,3,0.524,1.0,0.0055,0.0,0.7,0.62,4,1,0,0,0
0.22,0.113,0.47,0.5,0.03,114.15,2850146669515,45.0,45.0,1,30,2.0,0,0,0.0,0,327.2727,0.0309,4050,2.3219,4,0.4951,0.2,0.0118,0.0,0.53,0.45,4,1,0,0,0
0.22,0.113,0.63,0.33,0.03,112.37,2708320002708,45.0,45.0,1,45,2.5,0,0,0.0,0,300.0,0.0348,4050,2.3219,10,0.4062,0.6,0.0285,0.0,0.0,0.0,0,1,0,0,0
0.22,0.113,0.5,0.47,0.03,93.99,2180466668845,35.0,35.0,1,30,2.0,0,0,0.0,0,180.0,0.0213,2450,2.3219,5,0.4402,0.6,0.0087,0.0,0.46,0.71,3,1,0,0,0
0.22,0.113,0.27,0.67,0.07,122.13,4104296670770,45.0,45.0,1,45,1.5,0,0,0.0,0,120.0,0.0285,4050,2.3219,3,0.5589,1.0,0.011,0.0,0.0,0.0,0,1,0,0,0
0.22,0.113,0.86,0.1,0.03,62.46,1299365518538,25.0,25.0,1,70,1.5,0,0,0.0,0,180.0,0.0141,1250,2.3219,3,0.3236,1.0,0.0076,0.0,0.0,0.0,0,1,0,0,0
0.22,0.113,0.7,0.27,0.03,130.02,2382453335713,35.0,35.0,1,30,2.5,0,0,0.0,0,360.0,0.0223,2450,2.3219,2,0.4143,1.0,0.0172,0.0,0.0,0.0,0,1,0,0,0
0.22,0.113,0.47,0.53,0.0,121.85,2402546669068,45.0,45.0,1,70,2.5,0,0,0.0,0,225.0,0.0383,4050,2.3219,9,0.3058,0.6,0.0101,0.0,0.62,0.5,12,1,0,0,0
0.22,0.113,0.37,0.6,0.03,94.79,2598066669262,35.0,35.0,1,30,2.5,0,0,0.0,0,120.0,0.0223,2450,2.3219,4,0.3843,0.8,0.0092,0.0,0.69,0.65,6,1,0,0,0
0.22,0.113,0.45,0.55,0.0,65.36,2236665519475,25.0,25.0,1,30,1.5,0,0,0.0,0,180.0,0.013,1250,2.3219,3,0.4264,1.0,0.0045,0.0,0.62,0.62,2,1,0,0,0
0.22,0.113,0.1,0.9,0.0,117.48,3043796669708,45.0,45.0,1,30,1.5,0,0,0.0,0,360.0,0.0248,4050,2.3219,1,0.6272,0.0,0.0,1.0,0.61,0.53,12,1,0,0,0
0.22,0.113,0.37,0.6,0.03,127.26,3054560003053,45.0,45.0,1,70,2.0,0,0,0.0,0,240.0,0.0321,4050,2.3219,5,0.4632,0.6,0.0071,0.0,0.85,0.65,4,1,0,0,0
0.22,0.113,0.73,0.2,0.07,91.42,2176170002174,35.0,35.0,1,70,1.5,0,0,0.0,0,169.4118,0.0248,2450,2.3219,15,0.3706,0.5,0.0104,0.0,0.0,0.0,0,1,0,0,0
0.22,0.113,0.17,0.83,0.0,153.46,2873423336204,45.0,45.0,1,45,2.5,0,0,0.0,0,180.0,0.0339,4050,2.3219,3,0.4138,0.7,0.0029,0.0,0.66,0.54,12,1,0,0,0
0.22,0.113,0.33,0.67,0.0,133.33,3501463336832,45.0,45.0,1,70,2.0,0,0,0.0,0,166.1538,0.037,4050,2.3219,12,0.3474,0.7,0.0099,0.0,0.57,0.68,8,1,0,0,0
0.22,0.113,0.9,0.1,0.0,64.83,1006344828590,25.0,25.0,1,70,2.5,0,0,0.0,0,180.0,0.0152,1250,2.3219,2,0.226,0.0,0.0,1.0,0.43,0.41,4,1,0,0,0
0.22,0.113,0.3,0.67,0.03,113.2,2801820002800,45.0,45.0,1,45,1.5,0,0,0.0,0,360.0,0.0307,4050,2.3219,4,0.5273,0.5,0.0228,0.0,0.59,0.85,4,1,0,0,0
0.22,0.113,0.47,0.47,0.07,117.94,3258966669925,45.0,45.0,1,70,2.0,0,0,0.0,0,216.0,0.0404,4050,2.3219,10,0.3078,0.7,0.0254,0.0,0.0,0.0,0,1,0,0,0
0.22,0.113,0.23,0.77,0.0,137.49,3117546669783,45.0,45.0,1,15,2.0,0,0,0.0,0,360.0,0.023,4050,2.3219,1,0.6502,0.0,0.0,1.0,0.59,0.46,12,1,0,0,0
0.22,0.113,0.87,0.13,0.0,67.33,1340896668006,25.0,25.0,1,70,2.5,0,0,0.0,0,180.0,0.0156,1250,2.3219,2,0.2172,0.0,0.0,1.0,0.44,0.4,2,1,0,0,0
0.22,0.113,0.37,0.63,0.0,137.29,2782876669448,45.0,45.0,1,45,2.0,0,0,0.0,0,321.7021,0.0361,4050,2.3219,11,0.3978,0.4,0.0128,0.0,0.55,0.6,8,1,0,0,0
0.22,0.113,0.57,0.43,0.0,68.12,1234460001232,25.0,25.0,1,30,2.5,0,0,0.0,0,90.0,0.0145,1250,2.3219,4,0.2752,1.0,0.0059,0.0,0.48,0.72,6,1,0,0,0
0.22,0.113,0.59,0.41,0.0,74.31,1451310346278,25.0,25.0,1,45,1.5,0,0,0.0,0,90.0,0.0149,1250,2.3219,6,0.3124,0.7,0.01,0.0,0.66,0.44,4,1,0,0,0
0.22,0.113,0.63,0.37,0.0,50.83,1089226667754,25.0,25.0,1,45,2.5,0,0,0.0,0,360.0,0.0132,1250,2.3219,1,0.3304,0.0,0.0,1.0,0.51,0.46,6,1,0,0,0
0.22,0.113,0.62,0.38,0.0,28.53,541241379850,25.0,25.0,1,45,1.5,0,0,0.0,0,360.0,0.0123,1250,2.3219,4,0.4592,0.5,0.0096,0.0,0.66,0.54,6,1,0,0,0
0.22,0.113,0.21,0.79,0.0,162.65,3468537934502,35.0,35.0,1,15,1.5,0,0,0.0,0,360.0,0.013,2450,2.3219,1,0.7114,0.0,0.0,1.0,0.43,0.57,3,1,0,0,0
0.22,0.113,0.2,0.8,0.0,103.01,2183810002182,45.0,45.0,1,45,1.5,0,0,0.0,0,180.0,0.0262,4050,2.3219,4,0.6042,1.0,0.0046,0.0,0.62,0.59,12,1,0,0,0
0.22,0.113,0.9,0.1,0.0,58.9,1065972414856,25.0,25.0,1,45,2.5,0,0,0.0,0,180.0,0.0136,1250,2.3219,2,0.324,0.0,0.0,1.0,0.37,0.63,4,1,0,0,0
0.22,0.113,0.27,0.73,0.0,121.19,3266110003264,45.0,45.0,1,30,2.0,0,0,0.0,0,216.0,0.0267,4050,2.3219,4,0.577,0.5,0.007,0.0,0.58,0.55,4,1,0,0,0
0.22,0.113,0.17,0.8,0.03,179.54,4644160004642,45.0,45.0,1,30,1.5,0,0,0.0,0,360.0,0.0273,4050,2.3219,2,0.5826,1.0,0.0076,0.0,0.39,0.52,4,1,0,0,0
0.22,0.113,0.23,0.77,0.0,130.0,4161826670826,45.0,45.0,1,45,1.5,0,0,0.0,0,180.0,0.0288,4050,2.3219,3,0.5442,0.7,0.0123,0.0,0.33,0.35,4,1,0,0,0
0.22,0.113,0.3,0.7,0.0,107.67,2483053335813,35.0,35.0,1,30,2.0,0,0,0.0,0,120.0,0.021,2450,2.3219,8,0.4659,0.6,0.0087,0.0,0.36,0.58,9,1,0,0,0
0.22,0.113,0.47,0.53,0.0,116.07,2668516669333,45.0,45.0,1,45,2.0,0,0,0.0,0,317.6471,0.032,4050,2.3219,4,0.4699,0.8,0.0097,0.0,0.59,0.59,4,1,0,0,0
0.22,0.113,0.52,0.48,0.0,49.93,1229448277089,25.0,25.0,1,30,1.5,0,0,0.0,0,120.0,0.0128,1250,2.3219,4,0.4024,0.5,0.0075,0.0,0.54,0.66,4,1,0,0,0
0.22,0.113,0.43,0.53,0.03,112.36,3372373336706,45.0,45.0,1,70,2.0,0,0,0.0,0,270.0,0.0382,4050,2.3219,17,0.3262,0.6,0.0098,0.0,0.0,0.0,0,1,0,0,0
0.22,0.113,0.4,0.6,0.0,90.37,2082276668748,35.0,35.0,1,30,1.5,0,0,0.0,0,360.0,0.0202,2450,2.3219,3,0.5341,0.7,0.0185,0.0,0.52,0.62,3,1,0,0,0
0.22,0.113,1.0,0.0,0.0,96.91,1743773335075,35.0,35.0,1,70,2.5,0,0,0.0,0,180.0,0.0266,2450,2.3219,2,0.2257,1.0,0.0003,0.0,0.0,0.0,0,1,0,0,0
0.22,0.113,0.7,0.3,0.0,61.95,980773334315,25.0,25.0,1,45,2.0,0,0,0.0,0,360.0,0.0147,1250,2.3219,1,0.2508,0.0,0.0,1.0,0.48,0.49,4,1,0,0,0
0.22,0.113,0.39,0.5,0.11,52.69,3277828574706,35.0,35.0,1,15,1.5,0,0,0.0,0,240.0,0.0155,2450,2.3219,4,0.6453,0.8,0.0066,0.0,0.58,0.53,3,1,0,0,0
0.22,0.113,0.7,0.3,0.0,74.81,1824460001822,35.0,35.0,1,30,2.5,0,0,0.0,0,180.0,0.0219,2450,2.3219,3,0.4131,1.0,0.0086,0.0,0.88,0.85,3,1,0,0,0
0.22,0.113,0.7,0.3,0.0,126.22,3295853336627,45.0,45.0,1,70,2.0,0,0,0.0,0,300.0,0.0341,4050,2.3219,10,0.4109,0.4,0.0112,0.0,0.0,0.0,0,1,0,0,0
0.22,0.113,0.53,0.47,0.0,100.38,2025840002024,35.0,35.0,1,45,2.5,0,0,0.0,0,180.0,0.0227,2450,2.3219,4,0.379,1.0,0.0059,0.0,0.5,0.55,6,1,0,0,0
0.22,0.113,0.4,0.6,0.0,159.01,3450266670116,45.0,45.0,1,70,2.0,0,0,0.0,0,288.0,0.0373,4050,2.3219,11,0.3723,0.5,0.0115,0.0,0.46,0.54,12,1,0,0,0
0.22,0.113,0.77,0.2,0.03,94.08,1972293335305,35.0,35.0,1,70,2.0,0,0,0.0,0,180.0,0.0269,2450,2.3219,5,0.2669,0.6,0.0071,0.0,0.55,0.67,3,1,0,0,0
0.22,0.113,0.63,0.37,0.0,97.75,1741720001739,35.0,35.0,1,15,2.5,0,0,0.0,0,90.0,0.0191,2450,2.3219,4,0.5373,1.0,0.0064,0.0,0.61,0.55,3,1,0,0,0
0.22,0.113,0.52,0.48,0.0,67.07,1864686208759,25.0,25.0,1,15,2.0,0,0,0.0,0,90.0,0.0099,1250,2.3219,4,0.5464,1.0,0.0053,0.0,0.61,0.81,2,1,0,0,0
0.22,0.113,0.63,0.37,0.0,54.9,1222026667888,25.0,25.0,1,30,2.5,0,0,0.0,0,180.0,0.0126,1250,2.3219,2,0.3936,0.0,0.0,1.0,0.72,0.6,6,1,0,0,0
0.22,0.113,0.45,0.55,0.0,91.67,1877737932910,35.0,35.0,1,15,2.0,0,0,0.0,0,180.0,0.017,2450,2.3219,2,0.589,0.0,0.0,1.0,0.63,0.53,3,1,0,0,0
0.22,0.113,0.5,0.47,0.03,73.84,1909186668574,25.0,25.0,1,45,1.5,0,0,0.0,0,102.8571,0.0131,1250,2.3219,7,0.4052,0.4,0.0092,0.0,0.55,0.93,2,1,0,0,0
0.22,0.113,0.73,0.27,0.0,58.35,1508060001505,25.0,25.0,1,45,2.0,0,0,0.0,0,180.0,0.014,1250,2.3219,2,0.318,0.0,0.0,1.0,0.73,0.48,4,1,0,0,0
0.22,0.113,0.27,0.73,0.0,168.12,3926386670590,45.0,45.0,1,45,1.5,0,0,0.0,0,166.1538,0.0305,4050,2.3219,14,0.5401,0.6,0.0137,0.0,0.39,0.43,12,1,0,0,0
0.22,0.113,0.93,0.03,0.03,44.48,1142910001142,25.0,25.0,1,30,2.0,0,0,0.0,0,360.0,0.0134,1250,2.3219,1,0.3452,0.0,0.0,1.0,0.0,0.0,0,1,0,0,0
0.22,0.113,0.63,0.33,0.03,58.96,1652426668316,25.0,25.0,1,30,1.5,0,0,0.0,0,90.0,0.0132,1250,2.3219,4,0.4168,0.5,0.005,0.0,0.59,0.55,2,1,0,0,0
0.22,0.113,0.63,0.37,0.0,137.43,2392520002391,35.0,35.0,1,70,2.5,0,0,0.0,0,180.0,0.0271,2450,2.3219,5,0.2449,0.8,0.0075,0.0,0.6,0.38,9,1,0,0,0
0.22,0.113,1.0,0.0,0.0,54.98,1013773334345,25.0,25.0,1,45,2.5,0,0,0.0,0,180.0,0.0152,1250,2.3219,2,0.2248,0.0,0.0,1.0,0.0,0.0,0,1,0,0,0
0.22,0.113,0.63,0.37,0.0,119.23,2801856669467,45.0,45.0,1,30,2.0,0,0,0.0,0,180.0,0.027,4050,2.3219,2,0.5746,0.0,0.0,1.0,0.0,0.0,0,1,0,0,0
0.22,0.113,0.43,0.43,0.13,62.84,3304320003304,45.0,45.0,1,30,1.5,0,0,0.0,0,337.5,0.0237,4050,2.3219,5,0.648,0.6,0.0144,0.0,0.0,0.0,0,1,0,0,0
0.22,0.113,0.73,0.27,0.0,104.26,1814773335146,35.0,35.0,1,70,2.0,0,0,0.0,0,288.0,0.0255,2450,2.3219,6,0.3073,0.3,0.0121,0.0,0.67,0.48,6,1,0,0,0
0.22,0.113,0.5,0.5,0.0,147.54,2593163335924,45.0,45.0,1,45,2.0,0,0,0.0,0,327.2727,0.032,4050,2.3219,9,0.4647,0.6,0.0094,0.0,0.84,0.54,8,1,0,0,0
0.22,0.113,0.28,0.72,0.0,71.57,2066675864133,45.0,45.0,1,15,1.5,0,0,0.0,0,180.0,0.0151,4050,2.3219,2,0.7942,0.0,0.0,1.0,0.61,0.42,4,1,0,0,0
0.22,0.113,0.47,0.5,0.03,175.46,3864476670529,45.0,45.0,1,30,2.0,0,0,0.0,0,360.0,0.0257,4050,2.3219,2,0.6054,1.0,0.0026,0.0,0.0,0.0,0,1,0,0,0
0.22,0.113,0.87,0.1,0.03,63.76,1237843334569,25.0,25.0,1,15,2.5,0,0,0.0,0,360.0,0.0109,1250,2.3219,2,0.5028,1.0,0.0041,0.0,0.57,0.27,2,1,0,0,0
0.22,0.113,0.23,0.77,0.0,123.04,2878160002876,45.0,45.0,1,15,2.0,0,0,0.0,0,180.0,0.0208,4050,2.3219,2,0.6758,0.0,0.0,1.0,0.53,0.56,12,1,0,0,0
0.22,0.113,0.53,0.4,0.07,89.03,2885330002885,35.0,35.0,1,30,2.5,0,0,0.0,0,360.0,0.0236,2450,2.3219,3,0.3745,0.3,0.0097,0.0,0.0,0.0,0,1,0,0,0
0.22,0.113,0.63,0.37,0.0,114.71,2092946668759,35.0,35.0,1,70,2.5,0,0,0.0,0,90.0,0.0289,2450,2.3219,6,0.1678,0.7,0.0065,0.0,0.57,0.5,6,1,0,0,0
0.22,0.113,0.52,0.48,0.0,47.68,1442579311785,25.0,25.0,1,15,1.5,0,0,0.0,0,90.0,0.0097,1250,2.3219,4,0.584,0.5,0.0059,0.0,0.61,0.67,6,1,0,0,0
0.22,0.113,0.93,0.07,0.0,31.73,526196429095,25.0,25.0,1,15,1.5,0,0,0.0,0,180.0,0.01,1250,2.3219,2,0.5576,0.0,0.0,1.0,0.67,0.5,2,1,0,0,0
0.22,0.113,1.0,0.0,0.0,56.31,1071040001068,25.0,25.0,1,70,2.5,0,0,0.0,0,180.0,0.0153,1250,2.3219,2,0.234,0.0,0.0,1.0,0.0,0.0,0,1,0,0,0
0.22,0.113,0.67,0.33,0.0,125.47,2181080002178,35.0,35.0,1,45,2.5,0,0,0.0,0,180.0,0.0261,2450,2.3219,3,0.2706,0.7,0.0073,0.0,0.57,0.53,6,1,0,0,0
0.22,0.113,0.9,0.1,0.0,107.85,1744023335077,35.0,35.0,1,70,2.5,0,0,0.0,0,180.0,0.027,2450,2.3219,5,0.2496,0.8,0.0071,0.0,0.0,0.0,0,1,0,0,0
0.22,0.113,0.57,0.43,0.0,87.66,1505933334838,35.0,35.0,1,15,2.5,0,0,0.0,0,90.0,0.0188,2450,2.3219,4,0.5151,1.0,0.0029,0.0,0.58,0.55,6,1,0,0,0
0.22,0.113,0.9,0.1,0.0,36.18,492866667158,25.0,25.0,1,15,1.5,0,0,0.0,0,180.0,0.0112,1250,2.3219,2,0.5268,0.0,0.0,1.0,0.0,0.0,0,1,0,0,0
0.22,0.113,0.43,0.57,0.0,65.64,1558742858699,35.0,35.0,1,45,1.5,0,0,0.0,0,270.0,0.0214,2450,2.3219,5,0.4878,0.4,0.0064,0.0,0.42,0.52,9,1,0,0,0
0.22,0.113,0.79,0.21,0.0,41.64,737844828323,25.0,25.0,1,15,2.5,0,0,0.0,0,180.0,0.0103,1250,2.3219,2,0.546,1.0,0.0002,0.0,0.34,0.41,2,1,0,0,0
0.22,0.113,0.8,0.2,0.0,52.97,936880000935,25.0,25.0,1,45,2.0,0,0,0.0,0,360.0,0.0147,1250,2.3219,1,0.2928,0.0,0.0,1.0,0.44,0.53,6,1,0,0,0
0.22,0.113,0.97,0.03,0.0,46.69,880813334212,25.0,25.0,1,70,2.5,0,0,0.0,0,180.0,0.0158,1250,2.3219,2,0.1856,0.0,0.0,1.0,0.0,0.0,0,1,0,0,0
0.22,0.113,0.5,0.5,0.0,88.54,2000863335332,45.0,45.0,1,15,1.5,0,0,0.0,0,180.0,0.0182,4050,2.3219,2,0.7544,0.0,0.0,1.0,0.0,0.0,0,1,0,0,0
0.22,0.113,0.2,0.77,0.03,140.74,2603113335934,45.0,45.0,1,15,2.0,0,0,0.0,0,240.0,0.0215,4050,2.3219,3,0.672,1.0,0.0041,0.0,0.52,0.68,8,1,0,0,0
0.22,0.113,0.27,0.73,0.0,204.65,3662433336993,45.0,45.0,1,15,2.5,0,0,0.0,0,360.0,0.0239,4050,2.3219,1,0.6233,0.0,0.0,1.0,0.59,0.61,8,1,0,0,0
0.22,0.113,0.83,0.17,0.0,55.44,1145270001144,25.0,25.0,1,45,2.0,0,0,0.0,0,180.0,0.0142,1250,2.3219,2,0.2908,0.0,0.0,1.0,0.22,0.81,2,1,0,0,0
0.22,0.113,0.57,0.43,0.0,96.15,1653706668320,25.0,25.0,1,45,2.5,0,0,0.0,0,180.0,0.015,1250,2.3219,2,0.2528,0.0,0.0,1.0,0.22,0.83,4,1,0,0,0
0.22,0.113,0.03,0.93,0.03,240.15,4605503337937,45.0,45.0,1,70,1.5,0,0,0.0,0,171.4286,0.0354,4050,2.3219,17,0.4304,0.5,0.0096,0.0,0.56,0.56,12,1,0,0,0
0.22,0.113,0.07,0.87,0.07,100.87,5798960005798,35.0,35.0,1,30,2.5,0,0,0.0,0,360.0,0.0203,2450,2.3219,1,0.4716,0.0,0.0,1.0,0.67,0.74,6,1,0,0,0
0.22,0.113,0.47,0.37,0.17,60.51,3165066669829,25.0,25.0,1,15,2.0,0,0,0.0,0,360.0,0.0112,1250,2.3219,1,0.4784,0.0,0.0,1.0,0.51,0.54,2,1,0,0,0
0.22,0.113,0.87,0.13,0.0,52.09,936943334269,25.0,25.0,1,30,2.0,0,0,0.0,0,360.0,0.0112,1250,2.3219,1,0.5056,0.0,0.0,1.0,0.72,0.16,2,1,0,0,0
0.22,0.113,0.57,0.43,0.0,106.87,2673503336005,35.0,35.0,1,30,2.5,0,0,0.0,0,120.0,0.0227,2450,2.3219,6,0.4135,0.3,0.0088,0.0,0.4,0.73,3,1,0,0,0
0.22,0.113,0.27,0.73,0.0,117.08,2967160002965,45.0,45.0,1,30,2.5,0,0,0.0,0,360.0,0.0283,4050,2.3219,1,0.5425,0.0,0.0,1.0,0.55,0.57,12,1,0,0,0
0.22,0.113,0.4,0.6,0.0,131.71,3125093336456,35.0,35.0,1,70,2.0,0,0,0.0,0,144.0,0.0266,2450,2.3219,6,0.2861,0.7,0.0078,0.0,0.45,0.65,3,1,0,0,0
0.22,0.113,0.3,0.7,0.0,75.17,1651306668317,35.0,35.0,1,15,1.5,0,0,0.0,0,180.0,0.0109,2450,2.3219,2,0.7614,1.0,0.0035,0.0,0.62,0.63,9,1,0,0,0
0.22,0.113,0.93,0.07,0.0,69.94,1226533334558,25.0,25.0,1,45,2.5,0,0,0.0,0,180.0,0.0146,1250,2.3219,2,0.2916,0.0,0.0,1.0,0.33,0.37,4,1,0,0,0
0.22,0.113,0.47,0.53,0.0,70.74,3114830003113,45.0,45.0,1,15,1.5,0,0,0.0,0,360.0,0.0183,4050,2.3219,1,0.7446,0.0,0.0,1.0,0.47,0.6,4,1,0,0,0
0.22,0.113,0.8,0.2,0.0,83.26,1686793335018,35.0,35.0,1,70,2.5,0,0,0.0,0,257.1429,0.0268,2450,2.3219,6,0.2478,0.5,0.0158,0.0,0.63,0.64,3,1,0,0,0
0.22,0.113,0.14,0.86,0.0,84.39,5346548281205,35.0,35.0,1,30,1.5,0,0,0.0,0,205.7143,0.0206,2450,2.3219,6,0.498,0.7,0.009,0.0,0.52,0.74,6,1,0,0,0
0.22,0.113,0.0,1.0,0.0,94.25,5774372419566,25.0,25.0,1,70,2.5,0,0,0.0,0,180.0,0.0154,1250,2.3219,2,0.2128,0.0,0.0,1.0,0.89,0.69,2,1,0,0,0
0.22,0.113,0.63,0.37,0.0,79.94,1435516668100,25.0,25.0,1,45,2.0,0,0,0.0,0,360.0,0.0136,1250,2.3219,1,0.35,0.0,0.0,1.0,0.6,0.57,4,1,0,0,0
0.22,0.113,0.73,0.27,0.0,62.9,1295180001293,25.0,25.0,1,15,2.5,0,0,0.0,0,360.0,0.0116,1250,2.3219,1,0.4408,0.0,0.0,1.0,0.65,0.75,2,1,0,0,0
0.22,0.113,0.1,0.87,0.03,68.47,5625393338956,35.0,35.0,1,30,2.0,0,0,0.0,0,249.2308,0.0222,2450,2.3219,6,0.4271,0.3,0.0089,0.0,0.66,0.48,9,1,0,0,0
0.22,0.113,0.07,0.93,0.0,134.49,5616160005614,45.0,45.0,1,15,2.0,0,0,0.0,0,180.0,0.0213,4050,2.3219,2,0.6789,0.0,0.0,1.0,0.62,0.62,12,1,0,0,0
0.22,0.113,0.27,0.73,0.0,137.34,3848200003847,35.0,35.0,1,45,1.5,0,0,0.0,0,257.1429,0.0218,2450,2.3219,6,0.4822,0.5,0.0174,0.0,0.63,0.69,9,1,0,0,0
0.22,0.113,0.37,0.63,0.0,95.04,2408900002408,35.0,35.0,1,30,2.5,0,0,0.0,0,180.0,0.0213,2450,2.3219,4,0.4286,1.0,0.0083,0.0,0.44,0.53,6,1,0,0,0
0.22,0.113,0.0,0.93,0.07,75.89,5980800005979,35.0,35.0,1,30,2.0,0,0,0.0,0,154.2857,0.0206,2450,2.3219,7,0.4841,0.7,0.0125,0.0,0.41,0.49,6,1,0,0,0
0.22,0.113,0.67,0.33,0.0,78.03,1377133334708,25.0,25.0,1,70,2.0,0,0,0.0,0,360.0,0.016,1250,2.3219,1,0.1924,0.0,0.0,1.0,0.37,0.69,4,1,0,0,0
0.22,0.113,0.67,0.33,0.0,66.36,1814706668478,25.0,25.0,1,45,2.0,0,0,0.0,0,308.5714,0.0155,1250,2.3219,4,0.234,0.5,0.0079,0.0,0.64,0.7,2,1,0,0,0
0.22,0.113,0.43,0.57,0.0,98.22,1864573335197,35.0,35.0,1,70,2.0,0,0,0.0,0,120.0,0.0265,2450,2.3219,5,0.268,0.6,0.0088,0.0,0.65,0.57,9,1,0,0,0
0.22,0.113,0.8,0.2,0.0,106.77,1949996668613,35.0,35.0,1,45,1.5,0,0,0.0,0,288.0,0.0234,2450,2.3219,10,0.4306,0.6,0.0098,0.0,0.0,0.0,0,1,0,0,0
0.22,0.113,0.13,0.83,0.03,63.74,5193116671857,45.0,45.0,1,15,1.5,0,0,0.0,0,360.0,0.0173,4050,2.3219,1,0.7553,0.0,0.0,1.0,0.5,0.42,12,1,0,0,0
0.22,0.113,0.07,0.93,0.0,223.46,4712946671379,45.0,45.0,1,70,1.5,0,0,0.0,0,313.0435,0.0334,4050,2.3219,8,0.4683,0.9,0.0096,0.0,0.49,0.59,12,1,0,0,0
0.22,0.113,0.07,0.7,0.23,33.83,5581970005578,45.0,45.0,1,30,1.5,0,0,0.0,0,180.0,0.0256,4050,2.3219,10,0.6102,0.4,0.0079,0.0,0.0,0.0,0,1,0,0,0
0.22,0.113,0.31,0.69,0.0,101.95,2516727588722,35.0,35.0,1,15,2.5,0,0,0.0,0,180.0,0.0168,2450,2.3219,2,0.578,0.0,0.0,1.0,0.49,0.69,6,1,0,0,0
0.22,0.113,0.17,0.67,0.17,99.4,5032906671698,25.0,25.0,1,45,1.5,0,0,0.0,0,180.0,0.0128,1250,2.3219,4,0.4304,1.0,0.0104,0.0,0.38,0.77,2,1,0,0,0
0.22,0.113,0.1,0.83,0.07,42.28,5183640005183,45.0,45.0,1,30,1.5,0,0,0.0,0,240.0,0.0261,4050,2.3219,4,0.6141,1.0,0.0079,0.0,0.53,0.71,4,1,0,0,0
0.22,0.113,0.5,0.43,0.07,160.38,3928320003928,45.0,45.0,1,45,2.0,0,0,0.0,0,284.2105,0.035,4050,2.3219,9,0.4281,0.8,0.01,0.0,0.0,0.0,0,1,0,0,0
0.22,0.113,0.1,0.67,0.23,49.25,5112040005109,35.0,35.0,1,70,1.5,0,0,0.0,0,254.1176,0.0236,2450,2.3219,10,0.3849,0.4,0.0116,0.0,0.0,0.0,0,1,0,0,0
0.22,0.113,0.03,0.8,0.17,58.16,5520796672185,35.0,35.0,1,45,2.0,0,0,0.0,0,308.5714,0.0238,2450,2.3219,5,0.3994,0.8,0.0089,0.0,0.6,0.55,3,1,0,0,0
0.22,0.113,0.47,0.53,0.0,139.22,2867446669532,35.0,35.0,1,70,2.0,0,0,0.0,0,360.0,0.0267,2450,2.3219,2,0.2606,1.0,0.0087,0.0,0.5,0.71,3,1,0,0,0
0.22,0.113,0.13,0.87,0.0,73.8,5306426671970,35.0,35.0,1,30,1.5,0,0,0.0,0,360.0,0.017,2450,2.3219,1,0.6124,0.0,0.0,1.0,0.47,0.52,9,1,0,0,0
0.22,0.113,0.03,0.87,0.1,93.84,5698243339030,45.0,45.0,1,45,2.0,0,0,0.0,0,313.0435,0.0338,4050,2.3219,7,0.432,0.6,0.0107,0.0,0.58,0.52,8,1,0,0,0
0.22,0.113,0.07,0.87,0.07,85.66,5783270005782,35.0,35.0,1,15,2.0,0,0,0.0,0,180.0,0.016,2450,2.3219,2,0.6302,0.0,0.0,1.0,0.44,0.53,9,1,0,0,0
0.22,0.113,0.1,0.9,0.0,82.74,5407106672071,45.0,45.0,1,70,2.5,0,0,0.0,0,240.0,0.0414,4050,2.3219,7,0.2457,0.4,0.0076,0.0,0.62,0.6,8,1,0,0,0
0.22,0.113,0.72,0.28,0.0,14.89,335875862404,25.0,25.0,1,15,1.5,0,0,0.0,0,90.0,0.0091,1250,2.3219,4,0.6104,1.0,0.0056,0.0,0.64,0.49,2,1,0,0,0
0.22,0.113,0.1,0.79,0.1,67.71,5612548281472,35.0,35.0,1,70,1.5,0,0,0.0,0,231.4286,0.0237,2450,2.3219,10,0.4,0.6,0.0106,0.0,0.75,0.63,6,1,0,0,0
0.22,0.113,0.2,0.67,0.13,62.93,4835660004832,25.0,25.0,1,30,1.5,0,0,0.0,0,288.0,0.0124,1250,2.3219,6,0.4364,0.3,0.0094,0.0,0.0,0.0,0,1,0,0,0
0.22,0.113,0.03,0.97,0.0,106.27,5520813338852,35.0,35.0,1,70,2.5,0,0,0.0,0,120.0,0.0261,2450,2.3219,4,0.2555,0.8,0.1061,0.001,0.6,0.49,6,1,0,0,0
0.22,0.113,0.1,0.87,0.03,103.53,5240480005238,25.0,25.0,1,45,2.0,0,0,0.0,0,180.0,0.0137,1250,2.3219,2,0.338,1.0,0.0005,0.0,0.7,0.61,4,1,0,0,0
0.22,0.113,0.6,0.33,0.07,54.89,2587106669251,25.0,25.0,1,30,1.5,0,0,0.0,0,120.0,0.0114,1250,2.3219,3,0.5012,0.7,0.0056,0.0,0.0,0.0,0,1,0,0,0
0.22,0.113,0.1,0.8,0.1,83.11,5446450005444,25.0,25.0,1,15,2.0,0,0,0.0,0,90.0,0.0132,1250,2.3219,4,0.4152,0.5,0.0062,0.0,0.55,0.57,2,1,0,0,0
0.22,0.113,0.1,0.8,0.1,60.95,5676386672343,45.0,45.0,1,30,2.5,0,0,0.0,0,342.8571,0.0331,4050,2.3219,4,0.4488,0.2,0.0196,0.0,0.64,0.51,4,1,0,0,0
0.22,0.113,0.1,0.87,0.03,61.53,5394146672059,45.0,45.0,1,70,1.5,0,0,0.0,0,270.0,0.035,4050,2.3219,6,0.4422,0.5,0.0112,0.0,0.47,0.51,8,1,0,0,0
0.22,0.113,0.07,0.87,0.07,80.08,5610400005608,35.0,35.0,1,30,2.0,0,0,0.0,0,120.0,0.0213,2450,2.3219,3,0.4467,1.0,0.006,0.0,0.47,0.38,6,1,0,0,0
0.22,0.113,0.1,0.7,0.2,36.97,5598270005594,45.0,45.0,1,30,2.0,0,0,0.0,0,240.0,0.0263,4050,2.3219,4,0.5758,0.2,0.0109,0.0,0.0,0.0,0,1,0,0,0
0.22,0.113,0.07,0.93,0.0,86.84,5786870005785,45.0,45.0,1,30,2.5,0,0,0.0,0,360.0,0.0299,4050,2.3219,3,0.4938,0.3,0.0179,0.0,0.46,0.67,8,1,0,0,0
0.22,0.113,0.03,0.8,0.17,81.02,5982300005979,45.0,45.0,1,45,1.5,0,0,0.0,0,240.0,0.029,4050,2.3219,5,0.5531,0.6,0.0069,0.0,0.5,0.54,8,1,0,0,0
0.22,0.113,0.03,0.9,0.07,88.26,5782826672447,45.0,45.0,1,45,2.5,0,0,0.0,0,270.0,0.0337,4050,2.3219,11,0.4214,0.5,0.0101,0.0,0.63,0.58,12,1,0,0,0
0.22,0.113,0.4,0.57,0.03,131.55,2573546669239,35.0,35.0,1,70,2.0,0,0,0.0,0,135.0,0.0271,2450,2.3219,7,0.2357,0.6,0.0069,0.0,0.49,0.54,9,1,0,0,0
0.22,0.113,0.73,0.27,0.0,68.23,1183450001181,25.0,25.0,1,45,2.5,0,0,0.0,0,360.0,0.0152,1250,2.3219,1,0.2392,0.0,0.0,1.0,0.5,0.59,4,1,0,0,0
0.22,0.113,0.23,0.77,0.0,130.66,2424920002424,35.0,35.0,1,70,2.5,0,0,0.0,0,180.0,0.0267,2450,2.3219,3,0.2459,1.0,0.0104,0.0,0.56,0.6,9,1,0,0,0
0.22,0.113,0.0,0.97,0.03,77.13,5979183339311,35.0,35.0,1,70,2.0,0,0,0.0,0,180.0,0.0261,2450,2.3219,5,0.2849,0.8,0.0107,0.0,0.48,0.57,9,1,0,0,0
0.22,0.113,0.07,0.9,0.03,85.07,5840226672505,45.0,45.0,1,70,2.0,0,0,0.0,0,281.25,0.0357,4050,2.3219,14,0.3698,0.4,0.013,0.0,0.58,0.55,12,1,0,0,0
0.22,0.113,0.0,0.9,0.1,71.71,5826106672490,35.0,35.0,1,15,2.0,0,0,0.0,0,360.0,0.0183,2450,2.3219,1,0.5684,0.0,0.0,1.0,0.61,0.53,3,1,0,0,0
0.22,0.113,0.23,0.77,0.0,55.79,4226200004225,25.0,25.0,1,15,1.5,0,0,0.0,0,90.0,0.01,1250,2.3219,4,0.58,0.8,0.0101,0.0,0.63,0.6,6,1,0,0,0
0.22,0.113,0.1,0.73,0.17,59.9,5317666671981,35.0,35.0,1,45,2.0,0,0,0.0,0,303.1579,0.0241,2450,2.3219,7,0.3631,0.4,0.0122,0.0,0.0,0.0,0,1,0,0,0
0.22,0.113,0.07,0.9,0.03,77.65,5673946672337,25.0,25.0,1,30,2.5,0,0,0.0,0,180.0,0.0144,1250,2.3219,2,0.2784,0.0,0.0,1.0,0.0,0.0,0,1,0,0,0
0.22,0.113,0.27,0.67,0.07,32.75,4390726671054,35.0,35.0,1,30,1.5,0,0,0.0,0,120.0,0.0173,2450,2.3219,6,0.6043,0.8,0.0058,0.0,0.45,0.4,3,1,0,0,0
0.22,0.113,0.1,0.63,0.27,87.16,5473666672137,25.0,25.0,1,70,2.5,0,0,0.0,0,180.0,0.0163,1250,2.3219,2,0.1784,0.0,0.0,1.0,0.0,0.0,0,1,0,0,0
0.22,0.113,0.2,0.77,0.03,64.12,4797986671461,25.0,25.0,1,45,1.5,0,0,0.0,0,180.0,0.0135,1250,2.3219,3,0.3688,1.0,0.0086,0.0,0.56,0.46,6,1,0,0,0
0.22,0.113,0.13,0.77,0.1,93.23,5059623338392,25.0,25.0,1,45,2.5,0,0,0.0,0,180.0,0.0144,1250,2.3219,2,0.286,0.0,0.0,1.0,0.49,0.63,4,1,0,0,0
0.22,0.113,0.0,0.83,0.17,68.32,5940323339270,35.0,35.0,1,30,1.5,0,0,0.0,0,360.0,0.0215,2450,2.3219,2,0.4812,1.0,0.0147,0.0,0.56,0.5,3,1,0,0,0
0.22,0.113,0.1,0.77,0.13,71.41,5217263338549,45.0,45.0,1,15,2.0,0,0,0.0,0,180.0,0.0218,4050,2.3219,2,0.664,1.0,0.0001,0.0,0.51,0.4,4,1,0,0,0
0.22,0.113,0.07,0.9,0.03,131.03,5432303338762,25.0,25.0,1,45,2.5,0,0,0.0,0,180.0,0.0133,1250,2.3219,2,0.3632,1.0,0.0002,0.0,0.51,0.6,6,1,0,0,0
0.22,0.113,0.3,0.67,0.03,133.29,3469166670134,45.0,45.0,1,30,2.0,0,0,0.0,0,180.0,0.0257,4050,2.3219,2,0.5995,0.0,0.0,1.0,0.55,0.6,4,1,0,0,0
0.22,0.113,0.0,0.93,0.07,123.46,5504346672171,25.0,25.0,1,70,2.0,0,0,0.0,0,180.0,0.0159,1250,2.3219,4,0.2144,0.5,0.0067,0.0,0.76,0.51,4,1,0,0,0
0.22,0.113,0.07,0.9,0.03,66.32,5832003339162,45.0,45.0,1,30,2.5,0,0,0.0,0,360.0,0.0294,4050,2.3219,2,0.518,1.0,0.0168,0.0,0.39,0.5,8,1,0,0,0
0.22,0.113,0.07,0.87,0.07,71.2,5781013339114,35.0,35.0,1,45,1.5,0,0,0.0,0,240.0,0.0214,2450,2.3219,5,0.4753,0.6,0.0083,0.0,0.64,0.55,9,1,0,0,0
0.22,0.113,0.07,0.9,0.03,112.75,5604520005603,35.0,35.0,1,30,1.5,0,0,0.0,0,180.0,0.0185,2450,2.3219,2,0.5498,0.0,0.0,1.0,0.56,0.51,9,1,0,0,0
0.22,0.113,0.2,0.77,0.03,152.84,4278800004277,35.0,35.0,1,30,2.0,0,0,0.0,0,180.0,0.0221,2450,2.3219,8,0.4582,0.6,0.007,0.0,0.53,0.34,6,1,0,0,0
0.22,0.113,0.27,0.73,0.0,150.16,2938220002937,35.0,35.0,1,30,2.0,0,0,0.0,0,180.0,0.0211,2450,2.3219,2,0.4571,0.0,0.0,1.0,0.63,0.74,9,1,0,0,0
0.22,0.113,0.03,0.93,0.03,74.81,5414560005413,35.0,35.0,1,15,2.0,0,0,0.0,0,360.0,0.0175,2450,2.3219,1,0.5818,0.0,0.0,1.0,0.44,0.42,9,1,0,0,0
0.22,0.113,0.4,0.5,0.1,30.53,3993773337325,45.0,45.0,1,15,1.5,0,0,0.0,0,180.0,0.0163,4050,2.3219,2,0.7821,0.0,0.0,1.0,0.0,0.0,0,1,0,0,0
0.22,0.113,0.03,0.9,0.07,89.31,5460823338792,35.0,35.0,1,30,2.0,0,0,0.0,0,240.0,0.0193,2450,2.3219,3,0.5139,1.0,0.0089,0.0,0.51,0.71,9,1,0,0,0
0.22,0.113,0.07,0.93,0.0,123.16,5443496672108,35.0,35.0,1,45,2.5,0,0,0.0,0,90.0,0.0278,2450,2.3219,7,0.2427,0.6,0.0065,0.0,0.52,0.56,9,1,0,0,0
0.22,0.113,0.2,0.8,0.0,45.42,4781183338113,25.0,25.0,0,0,0.0,1,20,2.0,0,294.5455,0.0117,1250,2.3219,6,0.502,0.2,0.0135,0.0,0.52,0.85,2,1,0,0,0
0.22,0.113,0.07,0.93,0.0,127.22,5663853338995,35.0,35.0,0,0,0.0,1,10,2.0,0,303.1579,0.0272,2450,2.3219,8,0.2112,0.9,0.0093,0.0,0.41,0.6,9,1,0,0,0
0.22,0.113,0.07,0.87,0.07,64.58,5628736672293,35.0,35.0,0,0,0.0,1,20,3.0,0,342.8571,0.0196,2450,2.3219,7,0.5131,0.6,0.6294,0.0137,0.66,0.53,6,1,0,0,0
0.22,0.113,0.03,0.77,0.2,79.96,5618146672283,45.0,45.0,0,0,0.0,1,30,2.0,0,260.6897,0.0396,4050,2.3219,11,0.2895,0.5,0.0132,0.0,0.5,0.47,8,1,0,0,0
0.22,0.113,0.0,0.93,0.07,121.61,5979840005978,35.0,35.0,0,0,0.0,1,10,2.0,0,246.8571,0.0275,2450,2.3219,16,0.2088,0.4,0.015,0.0,0.83,0.46,3,1,0,0,0
0.22,0.113,0.97,0.0,0.03,151.14,2585320002585,45.0,45.0,0,0,0.0,1,0,1.0,0,180.0,0.0454,4050,2.3219,2,0.044,0.0,0.0,1.0,0.0,0.0,0,1,0,0,0
0.22,0.113,0.1,0.53,0.37,62.65,5439106672103,35.0,35.0,0,0,0.0,1,40,2.0,0,327.2727,0.0212,2450,2.3219,9,0.4735,0.8,0.0143,0.0,0.0,0.0,0,1,0,0,0
0.22,0.113,0.1,0.8,0.1,96.75,5110766671775,45.0,45.0,0,0,0.0,1,20,1.0,0,261.8182,0.0454,4050,2.3219,36,0.1038,0.5,0.015,0.0,0.0,0.0,0,1,0,0,0
0.22,0.113,0.03,0.93,0.03,218.25,5779720005780,35.0,35.0,0,0,0.0,1,0,3.0,0,180.0,0.0295,2450,2.3219,2,0.0563,0.0,0.0,1.0,0.61,0.54,9,1,0,0,0
0.22,0.113,0.0,0.8,0.2,80.08,5980346672647,45.0,45.0,0,0,0.0,1,30,2.0,0,305.4545,0.0398,4050,2.3219,11,0.288,0.5,0.0129,0.0,0.48,0.61,4,1,0,0,0
0.22,0.113,0.07,0.9,0.03,156.91,5603233338935,35.0,35.0,0,0,0.0,1,0,3.0,0,180.0,0.0295,2450,2.3219,2,0.0563,0.0,0.0,1.0,0.52,0.57,6,1,0,0,0
0.22,0.113,0.83,0.17,0.0,81.45,1743200001742,35.0,35.0,0,0,0.0,1,0,2.0,0,180.0,0.0295,2450,2.3219,2,0.0563,0.0,0.0,1.0,0.56,0.44,6,1,0,0,0
0.22,0.113,0.07,0.9,0.03,108.64,5263116671927,35.0,35.0,0,0,0.0,1,20,1.0,0,120.0,0.0293,2450,2.3219,28,0.1529,0.5,0.0135,0.0,0.51,0.49,9,1,0,0,0
0.22,0.113,0.07,0.8,0.13,121.9,5479240005478,45.0,45.0,0,0,0.0,1,10,2.0,0,157.5,0.0438,4050,2.3219,14,0.1406,0.6,0.0141,0.0,0.58,0.55,12,1,0,0,0
0.22,0.113,0.03,0.7,0.27,82.63,5982266672645,45.0,45.0,0,0,0.0,1,10,2.0,0,240.0,0.0436,4050,2.3219,12,0.1422,0.5,0.0127,0.0,0.0,0.0,0,1,0,0,0
0.22,0.113,0.07,0.77,0.17,70.85,5401083338732,45.0,45.0,0,0,0.0,1,40,2.0,0,180.0,0.0383,4050,2.3219,17,0.3465,0.5,0.0097,0.0,0.0,0.0,0,1,0,0,0
0.22,0.113,0.2,0.6,0.2,63.86,4933293338263,45.0,45.0,0,0,0.0,1,20,2.0,0,270.0,0.0417,4050,2.3219,22,0.2194,0.5,0.0136,0.0,0.0,0.0,0,1,0,0,0
0.22,0.113,0.23,0.63,0.13,53.4,4432760004430,25.0,25.0,0,0,0.0,1,20,1.0,0,189.4737,0.0155,1250,2.3219,12,0.26,0.5,0.0136,0.0,0.0,0.0,0,1,0,0,0
0.22,0.113,0.3,0.67,0.03,83.67,2986010002983,35.0,35.0,1,45,1.5,0,0,0.0,0,360.0,0.0218,2450,2.3219,7,0.4488,0.6,0.0105,0.0,0.43,0.54,6,1,0,0,0
0.22,0.113,0.27,0.73,0.0,120.62,3001216669666,45.0,45.0,1,70,2.0,0,0,0.0,0,180.0,0.0374,4050,2.3219,9,0.369,0.4,0.0065,0.0,0.66,0.69,12,1,0,0,0
0.22,0.113,0.8,0.2,0.0,100.85,1923890001922,35.0,35.0,1,30,2.5,0,0,0.0,0,180.0,0.0227,2450,2.3219,5,0.3914,0.4,0.0071,0.0,0.0,0.0,0,1,0,0,0
0.22,0.113,0.37,0.57,0.07,102.55,2866063336196,45.0,45.0,1,45,2.5,0,0,0.0,0,192.0,0.0345,4050,2.3219,10,0.3925,0.6,0.0065,0.0,0.52,0.65,12,1,0,0,0
0.22,0.113,0.48,0.48,0.03,105.91,3268220692922,45.0,45.0,1,45,2.0,0,0,0.0,0,135.0,0.0316,4050,2.3219,8,0.4814,0.6,0.0098,0.0,0.0,0.0,0,1,0,0,0
0.22,0.113,0.4,0.6,0.0,78.43,2777093336108,35.0,35.0,1,30,1.5,0,0,0.0,0,180.0,0.0185,2450,2.3219,2,0.5647,1.0,0.0041,0.0,0.61,0.4,9,1,0,0,0
0.22,0.113,0.6,0.4,0.0,99.29,2033410002031,45.0,45.0,1,70,2.5,0,0,0.0,0,150.0,0.0419,4050,2.3219,10,0.2464,0.6,0.0117,0.0,0.51,0.65,8,1,0,0,0
0.22,0.113,0.53,0.43,0.03,72.19,1950840001949,25.0,25.0,1,30,1.5,0,0,0.0,0,120.0,0.014,1250,2.3219,8,0.3672,0.5,0.0083,0.0,0.32,0.6,4,1,0,0,0
0.22,0.113,0.83,0.17,0.0,32.45,734203334066,25.0,25.0,1,15,2.5,0,0,0.0,0,360.0,0.0112,1250,2.3219,1,0.4976,0.0,0.0,1.0,0.88,0.27,2,1,0,0,0
0.22,0.113,0.47,0.53,0.0,106.71,2262186668927,35.0,35.0,1,30,2.0,0,0,0.0,0,180.0,0.0216,2450,2.3219,2,0.4455,0.0,0.0,1.0,0.48,0.61,9,1,0,0,0
0.22,0.113,0.73,0.27,0.0,73.09,1143810001142,25.0,25.0,1,70,2.5,0,0,0.0,0,180.0,0.0158,1250,2.3219,2,0.2048,0.0,0.0,1.0,0.73,0.52,4,1,0,0,0
0.22,0.113,0.47,0.53,0.0,66.91,1722813335054,35.0,35.0,1,30,2.5,0,0,0.0,0,180.0,0.0177,2450,2.3219,4,0.549,1.0,0.0091,0.0,0.39,0.42,9,1,0,0,0
0.22,0.113,0.5,0.5,0.0,31.55,1136586667802,25.0,25.0,1,15,1.5,0,0,0.0,0,180.0,0.0101,1250,2.3219,2,0.5764,0.0,0.0,1.0,0.18,0.69,2,1,0,0,0
0.22,0.113,0.55,0.45,0.0,45.61,920731035400,25.0,25.0,1,70,1.5,0,0,0.0,0,120.0,0.0153,1250,2.3219,4,0.2888,0.5,0.0066,0.0,0.65,0.7,4,1,0,0,0
0.22,0.113,0.38,0.59,0.03,112.73,2819731037300,45.0,45.0,1,30,2.0,0,0,0.0,0,180.0,0.0307,4050,2.3219,7,0.5009,0.6,0.0075,0.0,0.68,0.5,12,1,0,0,0
0.22,0.113,0.6,0.4,0.0,103.94,1988480001986,35.0,35.0,1,70,2.5,0,0,0.0,0,240.0,0.0277,2450,2.3219,3,0.211,0.7,0.0041,0.0,0.61,0.46,9,1,0,0,0
0.22,0.113,0.9,0.1,0.0,50.45,939066667603,25.0,25.0,1,45,2.5,0,0,0.0,0,180.0,0.0136,1250,2.3219,2,0.3452,0.0,0.0,1.0,0.76,0.55,2,1,0,0,0
0.22,0.113,0.13,0.83,0.03,109.94,3729600003729,45.0,45.0,1,30,1.5,0,0,0.0,0,180.0,0.0256,4050,2.3219,5,0.616,0.6,0.0072,0.0,0.52,0.61,8,1,0,0,0
0.22,0.113,0.5,0.43,0.07,114.7,2968666669635,45.0,45.0,1,45,2.5,0,0,0.0,0,240.0,0.0319,4050,2.3219,4,0.4584,0.5,0.0058,0.0,0.58,0.44,8,1,0,0,0
0.22,0.113,0.87,0.13,0.0,41.88,859826667524,25.0,25.0,1,30,2.0,0,0,0.0,0,90.0,0.0133,1250,2.3219,4,0.378,1.0,0.0079,0.0,0.69,0.8,2,1,0,0,0
0.22,0.113,0.63,0.37,0.0,67.78,2118530002117,35.0,35.0,1,15,2.5,0,0,0.0,0,360.0,0.0176,2450,2.3219,1,0.5661,0.0,0.0,1.0,0.65,0.4,3,1,0,0,0
0.22,0.113,0.4,0.6,0.0,103.96,2392160002390,35.0,35.0,1,45,1.5,0,0,0.0,0,327.2727,0.0227,2450,2.3219,9,0.4524,0.6,0.0323,0.0,0.77,0.53,3,1,0,0,0
0.22,0.113,0.5,0.5,0.0,120.23,2532050002529,35.0,35.0,1,30,1.5,0,0,0.0,0,270.0,0.0222,2450,2.3219,5,0.4665,0.2,0.0096,0.0,0.28,0.45,3,1,0,0,0
0.22,0.113,0.57,0.43,0.0,95.4,2166680002166,35.0,35.0,1,70,1.5,0,0,0.0,0,200.0,0.0258,2450,2.3219,7,0.3402,0.6,0.0106,0.0,0.63,0.39,6,1,0,0,0
0.22,0.113,0.97,0.03,0.0,44.9,1076360001073,25.0,25.0,1,30,2.0,0,0,0.0,0,180.0,0.0132,1250,2.3219,2,0.3788,0.0,0.0,1.0,0.0,0.0,0,1,0,0,0
0.22,0.113,0.57,0.4,0.03,111.19,2674653336007,45.0,45.0,1,45,2.0,0,0,0.0,0,216.0,0.0335,4050,2.3219,4,0.4446,0.2,0.0085,0.0,0.0,0.0,0,1,0,0,0
0.22,0.113,0.77,0.2,0.03,38.19,961933334294,25.0,25.0,1,15,2.0,0,0,0.0,0,180.0,0.0094,1250,2.3219,2,0.576,0.0,0.0,1.0,0.0,0.0,0,1,0,0,0
0.22,0.113,0.53,0.47,0.0,76.56,1609146668274,25.0,25.0,1,45,1.5,0,0,0.0,0,205.7143,0.0137,1250,2.3219,4,0.3732,1.0,0.01,0.0,0.64,0.7,4,1,0,0,0
0.22,0.113,1.0,0.0,0.0,58.83,1056293334389,25.0,25.0,1,30,2.5,0,0,0.0,0,180.0,0.0133,1250,2.3219,2,0.3652,0.0,0.0,1.0,0.0,0.0,0,1,0,0,0
0.22,0.113,0.77,0.2,0.03,76.2,2255933335588,35.0,35.0,1,70,2.0,0,0,0.0,0,144.0,0.0258,2450,2.3219,9,0.3071,0.4,0.0097,0.0,0.0,0.0,0,1,0,0,0
0.22,0.113,0.73,0.23,0.03,42.26,867496667532,25.0,25.0,1,30,2.0,0,0,0.0,0,180.0,0.0121,1250,2.3219,2,0.4236,0.0,0.0,1.0,0.57,0.84,2,1,0,0,0
0.22,0.113,0.44,0.56,0.0,10.0,119822222340,45.0,45.0,1,15,1.5,0,0,0.0,0,180.0,0.0203,4050,2.3219,2,0.7136,0.0,0.0,1.0,0.57,0.51,8,1,0,0,0
0.22,0.113,0.57,0.4,0.03,100.09,3038993336372,45.0,45.0,1,15,2.5,0,0,0.0,0,180.0,0.0233,4050,2.3219,2,0.6281,1.0,0.003,0.0,0.0,0.0,0,1,0,0,0
0.22,0.113,0.43,0.57,0.0,123.44,2913560002912,45.0,45.0,1,70,2.0,0,0,0.0,0,144.0,0.0367,4050,2.3219,11,0.3756,0.5,0.0085,0.0,0.27,0.57,4,1,0,0,0
0.22,0.113,0.57,0.43,0.0,115.82,2474080002471,45.0,45.0,1,70,2.0,0,0,0.0,0,270.0,0.0341,4050,2.3219,3,0.4168,1.0,0.0091,0.0,0.5,0.49,8,1,0,0,0
0.22,0.113,0.87,0.13,0.0,25.8,931813334263,25.0,25.0,1,15,1.5,0,0,0.0,0,120.0,0.0086,1250,2.3219,3,0.6376,0.7,0.0044,0.0,0.0,0.0,0,1,0,0,0
0.22,0.113,0.72,0.28,0.0,87.81,1743993105190,35.0,35.0,1,45,1.5,0,0,0.0,0,130.9091,0.0207,2450,2.3219,9,0.4808,0.6,0.0108,0.0,0.0,0.0,0,1,0,0,0
0.22,0.113,0.57,0.4,0.03,44.12,1080053334410,25.0,25.0,1,45,2.5,0,0,0.0,0,360.0,0.014,1250,2.3219,1,0.3024,0.0,0.0,1.0,0.35,0.51,6,1,0,0,0
0.22,0.113,0.6,0.4,0.0,38.11,1358546668024,25.0,25.0,1,45,1.5,0,0,0.0,0,180.0,0.0127,1250,2.3219,2,0.412,0.0,0.0,1.0,0.58,0.52,4,1,0,0,0
0.22,0.113,0.8,0.2,0.0,35.74,761296667427,25.0,25.0,1,15,2.5,0,0,0.0,0,360.0,0.0116,1250,2.3219,2,0.454,1.0,0.0164,0.0,0.59,0.62,6,1,0,0,0
0.22,0.113,0.9,0.1,0.0,43.64,801436667466,25.0,25.0,1,70,2.5,0,0,0.0,0,180.0,0.0153,1250,2.3219,2,0.208,0.0,0.0,1.0,0.56,0.71,2,1,0,0,0
0.22,0.113,0.4,0.6,0.0,197.98,3514540003513,45.0,45.0,1,30,2.5,0,0,0.0,0,288.0,0.0324,4050,2.3219,5,0.46,0.4,0.0087,0.0,0.43,0.6,12,1,0,0,0
0.22,0.113,0.6,0.4,0.0,107.92,2797880002796,45.0,45.0,1,70,2.0,0,0,0.0,0,308.5714,0.0372,4050,2.3219,6,0.3709,0.7,0.0074,0.0,0.0,0.0,0,1,0,0,0
0.22,0.113,0.57,0.43,0.0,49.88,856223334188,25.0,25.0,1,15,2.0,0,0,0.0,0,180.0,0.0125,1250,2.3219,2,0.4188,1.0,0.0005,0.0,0.39,0.58,4,1,0,0,0
0.22,0.113,0.5,0.5,0.0,65.07,1891440001889,35.0,35.0,1,45,2.0,0,0,0.0,0,360.0,0.0239,2450,2.3219,2,0.3629,1.0,0.0086,0.0,0.5,0.58,9,1,0,0,0
0.22,0.113,0.7,0.3,0.0,61.4,1041373334372,25.0,25.0,1,30,2.5,0,0,0.0,0,180.0,0.0141,1250,2.3219,2,0.3268,0.0,0.0,1.0,0.49,0.62,2,1,0,0,0
0.22,0.113,0.17,0.83,0.0,67.69,1593090001590,45.0,45.0,1,15,1.5,0,0,0.0,0,180.0,0.0178,4050,2.3219,2,0.7532,1.0,0.0001,0.0,0.56,0.42,12,1,0,0,0
0.22,0.113,0.27,0.73,0.0,142.0,4179746670844,45.0,45.0,1,30,2.0,0,0,0.0,0,216.0,0.0291,4050,2.3219,10,0.539,0.6,0.0101,0.0,0.6,0.46,8,1,0,0,0
0.22,0.113,0.27,0.73,0.0,166.57,3212680003209,45.0,45.0,1,70,1.5,0,0,0.0,0,327.2727,0.033,4050,2.3219,7,0.468,0.7,0.0082,0.0,0.64,0.5,8,1,0,0,0
0.22,0.113,0.67,0.33,0.0,52.22,1637333334970,45.0,45.0,1,15,1.5,0,0,0.0,0,90.0,0.0165,4050,2.3219,4,0.7677,0.5,0.0053,0.0,0.41,0.54,4,1,0,0,0
0.22,0.113,0.37,0.63,0.0,94.73,2489186669154,45.0,45.0,1,15,2.5,0,0,0.0,0,240.0,0.0233,4050,2.3219,3,0.6356,1.0,0.0076,0.0,0.66,0.61,4,1,0,0,0
0.22,0.113,0.63,0.37,0.0,86.82,2102253335434,35.0,35.0,1,30,2.0,0,0,0.0,0,120.0,0.0217,2450,2.3219,3,0.429,1.0,0.0066,0.0,0.7,0.78,3,1,0,0,0
0.22,0.113,0.47,0.53,0.0,153.95,2894206669559,45.0,45.0,1,45,2.5,0,0,0.0,0,160.0,0.039,4050,2.3219,7,0.297,0.4,0.0096,0.0,0.55,0.5,4,1,0,0,0
0.22,0.113,1.0,0.0,0.0,77.07,1320186667985,35.0,35.0,1,45,2.5,0,0,0.0,0,180.0,0.0252,2450,2.3219,3,0.3259,1.0,0.008,0.0,0.0,0.0,0,1,0,0,0
0.22,0.113,0.53,0.43,0.03,69.68,1858760001856,35.0,35.0,1,15,2.5,0,0,0.0,0,120.0,0.019,2450,2.3219,4,0.5271,0.5,0.0058,0.0,0.76,0.48,6,1,0,0,0
0.22,0.113,0.6,0.4,0.0,80.27,1728400001726,35.0,35.0,1,70,2.5,0,0,0.0,0,180.0,0.0257,2450,2.3219,3,0.2918,1.0,0.0098,0.0,0.5,0.47,6,1,0,0,0
0.22,0.113,0.47,0.53,0.0,77.04,2026266668692,45.0,45.0,1,45,1.5,0,0,0.0,0,332.3077,0.0268,4050,2.3219,3,0.5902,0.7,0.0076,0.0,0.53,0.43,8,1,0,0,0
0.22,0.113,0.4,0.6,0.0,106.81,2391130002389,45.0,45.0,1,30,2.5,0,0,0.0,0,270.0,0.0281,4050,2.3219,3,0.5399,1.0,0.0085,0.0,0.43,0.64,4,1,0,0,0
0.22,0.113,0.77,0.23,0.0,49.28,1093773334425,25.0,25.0,1,70,2.5,0,0,0.0,0,180.0,0.0161,1250,2.3219,2,0.1888,0.0,0.0,1.0,0.76,0.61,4,1,0,0,0
0.22,0.113,0.77,0.23,0.0,57.24,978450000976,25.0,25.0,1,70,2.5,0,0,0.0,0,180.0,0.0156,1250,2.3219,2,0.2128,0.0,0.0,1.0,0.4,0.63,6,1,0,0,0
0.22,0.113,0.37,0.63,0.0,82.58,1929173335261,35.0,35.0,1,30,2.5,0,0,0.0,0,308.5714,0.0227,2450,2.3219,4,0.4218,0.8,0.0374,0.0001,0.76,0.77,6,1,0,0,0
0.22,0.113,0.2,0.73,0.07,130.0,3577493336909,45.0,45.0,1,70,1.5,0,0,0.0,0,196.3636,0.0336,4050,2.3219,10,0.4532,0.5,0.0114,0.0,0.64,0.54,12,1,0,0,0
0.22,0.113,0.73,0.27,0.0,49.27,625480000623,25.0,25.0,1,30,1.5,0,0,0.0,0,90.0,0.0119,1250,2.3219,4,0.464,1.0,0.0075,0.0,0.52,0.48,4,1,0,0,0
0.22,0.113,0.77,0.23,0.0,46.53,657360000654,25.0,25.0,1,15,2.5,0,0,0.0,0,360.0,0.0105,1250,2.3219,2,0.512,1.0,0.0117,0.0,0.49,0.3,2,1,0,0,0
0.22,0.113,0.31,0.69,0.0,86.74,2562917243940,45.0,45.0,1,15,1.5,0,0,0.0,0,180.0,0.0178,4050,2.3219,2,0.7506,1.0,0.0003,0.0,0.48,0.44,8,1,0,0,0
0.22,0.113,0.55,0.41,0.03,80.2,2173765519414,35.0,35.0,1,70,2.0,0,0,0.0,0,90.0,0.0268,2450,2.3219,4,0.2871,1.0,0.0038,0.0,0.42,0.59,6,1,0,0,0
0.22,0.113,1.0,0.0,0.0,65.46,1174573334507,25.0,25.0,1,70,2.5,0,0,0.0,0,180.0,0.0166,1250,2.3219,2,0.1512,0.0,0.0,1.0,0.0,0.0,0,1,0,0,0
0.22,0.113,0.9,0.1,0.0,91.01,1679246668345,35.0,35.0,1,70,2.5,0,0,0.0,0,360.0,0.0276,2450,2.3219,2,0.2133,1.0,0.0052,0.0,0.0,0.0,0,1,0,0,0
0.22,0.113,0.63,0.37,0.0,108.81,2381376669045,45.0,45.0,1,45,2.5,0,0,0.0,0,249.2308,0.0351,4050,2.3219,9,0.3893,0.7,0.0084,0.0,0.49,0.54,8,1,0,0,0
0.22,0.113,0.8,0.2,0.0,58.94,1014693334345,25.0,25.0,1,70,2.5,0,0,0.0,0,180.0,0.0153,1250,2.3219,2,0.2376,0.0,0.0,1.0,0.47,0.56,4,1,0,0,0
0.22,0.113,0.87,0.13,0.0,53.95,1076276667742,25.0,25.0,1,30,2.0,0,0,0.0,0,240.0,0.0128,1250,2.3219,3,0.3804,1.0,0.0075,0.0,0.43,0.19,4,1,0,0,0
0.22,0.113,0.43,0.57,0.0,136.46,2773216669438,45.0,45.0,1,30,2.5,0,0,0.0,0,257.1429,0.0307,4050,2.3219,4,0.4842,0.5,0.0317,0.0,0.49,0.5,12,1,0,0,0
0.22,0.113,0.34,0.66,0.0,87.4,2927144830512,45.0,45.0,1,70,1.5,0,0,0.0,0,270.0,0.0332,4050,2.3219,10,0.479,0.5,0.0088,0.0,0.55,0.52,12,1,0,0,0
0.22,0.113,0.63,0.37,0.0,58.55,901486667566,25.0,25.0,1,45,1.5,0,0,0.0,0,180.0,0.0134,1250,2.3219,3,0.384,1.0,0.0049,0.0,0.65,0.58,6,1,0,0,0
0.22,0.113,0.14,0.86,0.0,89.43,2312000002311,45.0,45.0,1,15,1.5,0,0,0.0,0,180.0,0.0186,4050,2.3219,2,0.7386,0.0,0.0,1.0,0.54,0.63,8,1,0,0,0
0.22,0.113,0.67,0.33,0.0,58.37,1122813334454,25.0,25.0,1,15,2.0,0,0,0.0,0,180.0,0.01,1250,2.3219,3,0.5652,1.0,0.005,0.0,0.62,0.3,4,1,0,0,0
0.22,0.113,0.7,0.3,0.0,125.44,2887786669552,45.0,45.0,1,70,2.5,0,0,0.0,0,120.0,0.0402,4050,2.3219,7,0.2569,0.6,0.0088,0.0,0.0,0.0,0,1,0,0,0
0.22,0.113,0.4,0.6,0.0,101.84,2965160002963,35.0,35.0,1,70,1.5,0,0,0.0,0,192.0,0.0258,2450,2.3219,13,0.351,0.5,0.012,0.0,0.34,0.65,3,1,0,0,0
0.22,0.113,0.33,0.67,0.0,111.86,2346913335679,45.0,45.0,1,15,2.0,0,0,0.0,0,360.0,0.0229,4050,2.3219,1,0.6507,0.0,0.0,1.0,0.56,0.53,8,1,0,0,0
0.22,0.113,0.72,0.28,0.0,61.25,1800855174213,25.0,25.0,1,15,2.0,0,0,0.0,0,180.0,0.0119,1250,2.3219,3,0.4844,1.0,0.0053,0.0,0.0,0.0,0,1,0,0,0
0.22,0.113,0.5,0.5,0.0,63.27,2625466669290,35.0,35.0,1,45,1.5,0,0,0.0,0,160.0,0.0212,2450,2.3219,8,0.4847,0.4,0.0167,0.0,0.0,0.0,0,1,0,0,0
0.22,0.113,0.33,0.6,0.07,116.71,3641840003640,45.0,45.0,1,70,2.0,0,0,0.0,0,144.0,0.0351,4050,2.3219,3,0.4044,1.0,0.006,0.0,0.0,0.0,0,1,0,0,0
1.1,0.625,0.27,0.73,0.0,60.73,3010483336342,45.0,45.0,1,30,2.0,0,0,0.0,0,180.0,0.0273,4050,2.3219,2,0.5788,0.0,0.0,1.0,0.62,0.66,12,1,0,0,0
1.1,0.625,0.2,0.8,0.0,86.77,3004293336337,45.0,45.0,0,0,0.0,1,30,3.0,0,240.0,0.0306,4050,2.3219,7,0.5038,0.7,0.0102,0.0,0.55,0.46,12,1,0,0,0
1.1,0.625,0.63,0.37,0.0,68.32,2353756669018,45.0,35.0,1,70,2.0,0,0,0.0,0,288.0,0.031,3150,2.3219,7,0.3308,0.6,0.0096,0.0,0.0,0.0,0,1,0,0,0
0.22,0.113,0.87,0.13,0.0,109.66,2394933335727,45.0,35.0,0,0,0.0,1,10,2.0,0,256.0,0.0347,3150,2.3219,16,0.1721,0.4,0.0134,0.0,0.0,0.0,0,1,0,0,0
2.0,0.267,0.3,0.7,0.0,89.81,3632826670297,45.0,35.0,1,30,1.5,0,0,0.0,0,180.0,0.0226,3150,2.3219,2,0.5751,0.0,0.0,1.0,0.6,0.52,9,1,0,0,0
2.0,0.267,0.27,0.73,0.0,52.23,3761280003760,35.0,35.0,1,30,1.5,0,0,0.0,0,202.5,0.0213,2450,2.3219,8,0.4873,0.5,0.0089,0.0,0.59,0.38,6,1,0,0,0
0.22,0.113,0.8,0.2,0.0,67.95,1401290001400,25.0,45.0,1,70,2.5,0,0,0.0,0,180.0,0.0249,2250,2.3219,2,0.2322,1.0,0.0004,0.0,0.45,0.6,6,1,0,0,0
0.22,0.113,0.53,0.47,0.0,73.28,1932916668598,25.0,45.0,1,30,2.0,0,0,0.0,0,360.0,0.0192,2250,2.3219,2,0.47,1.0,0.0163,0.0,0.38,0.69,3,1,0,0,0
1.1,0.625,0.33,0.67,0.0,82.08,3066596669732,45.0,45.0,0,0,0.0,1,10,3.0,0,154.2857,0.041,4050,2.3219,10,0.2084,0.6,0.0127,0.0,0.31,0.57,8,1,0,0,0
0.22,0.113,0.41,0.59,0.0,96.04,2567662965529,45.0,45.0,1,15,1.5,0,0,0.0,0,180.0,0.0162,4050,2.3219,2,0.7744,1.0,0.0003,0.0,0.61,0.53,4,1,0,0,0
0.22,0.113,0.33,0.67,0.0,64.63,1822506668487,25.0,45.0,0,0,0.0,1,40,3.0,0,130.9091,0.0124,2250,2.3219,10,0.7087,0.5,0.0519,0.0,0.44,0.63,9,1,0,0,0
2.0,0.267,0.3,0.7,0.0,63.76,2346743335677,45.0,25.0,1,15,2.0,0,0,0.0,0,216.0,0.0159,2250,2.3219,4,0.5902,1.0,0.0066,0.0,0.57,0.53,9,1,0,0,0
2.0,0.267,0.6,0.4,0.0,69.56,2367666669031,35.0,45.0,1,70,2.5,0,0,0.0,0,240.0,0.0308,3150,2.3219,4,0.3159,1.0,0.008,0.0,0.44,0.48,9,1,0,0,0
2.0,0.267,0.37,0.63,0.0,73.21,3389173336721,35.0,45.0,0,0,0.0,1,20,2.0,0,138.4615,0.0327,3150,2.3219,20,0.271,0.6,0.0167,0.0,0.46,0.75,6,1,0,0,0
0.22,0.113,0.5,0.5,0.0,92.61,2802506669467,35.0,35.0,0,0,0.0,1,30,1.0,0,185.1429,0.0287,2450,2.3219,25,0.1969,0.5,0.0124,0.0,0.0,0.0,0,1,0,0,0
1.1,0.625,0.97,0.03,0.0,35.68,714858621404,25.0,35.0,0,0,0.0,1,30,1.0,0,130.9091,0.0208,1750,2.3219,25,0.2403,0.7,0.0164,0.0,0.0,0.0,0,1,0,0,0
2.0,0.267,0.57,0.4,0.03,60.08,2637776669302,25.0,25.0,0,0,0.0,1,10,1.0,0,135.0,0.016,1250,2.3219,14,0.1784,0.5,0.0124,0.0,0.67,0.37,2,1,0,0,0
0.22,0.113,0.6,0.37,0.03,73.9,1885933335218,45.0,35.0,1,15,2.0,0,0,0.0,0,180.0,0.0185,3150,2.3219,2,0.6465,0.0,0.0,1.0,0.63,0.77,3,1,0,0,0
2.0,0.267,0.5,0.5,0.0,54.48,1908556668574,25.0,25.0,0,0,0.0,1,10,2.0,0,313.0435,0.0145,1250,2.3219,5,0.296,0.4,0.022,0.0,0.63,0.51,6,1,0,0,0
2.0,0.267,0.33,0.67,0.0,87.0,3124250003123,35.0,35.0,0,0,0.0,1,10,2.0,0,80.0,0.0273,2450,2.3219,14,0.2076,0.6,0.0113,0.0,0.61,0.58,6,1,0,0,0
2.0,0.267,0.1,0.9,0.0,101.27,4434240004433,45.0,45.0,0,0,0.0,1,20,3.0,0,265.2632,0.0358,4050,2.3219,10,0.3828,0.6,0.0119,0.0,0.43,0.61,8,1,0,0,0
2.0,0.267,0.17,0.83,0.0,72.93,5064393338398,45.0,45.0,0,0,0.0,1,40,2.0,0,100.8,0.0369,4050,2.3219,22,0.3821,0.6,0.0133,0.0,0.65,0.55,8,1,0,0,0
2.0,0.267,0.52,0.48,0.0,51.8,2866375864933,35.0,25.0,0,0,0.0,1,20,1.0,0,163.6364,0.0213,1750,2.3219,16,0.1929,0.4,0.0111,0.0,0.0,0.0,0,1,0,0,0
1.1,0.625,0.59,0.41,0.0,37.45,1519565518760,25.0,35.0,0,0,0.0,1,40,1.0,0,60.0,0.0202,1750,2.3219,21,0.3097,0.6,0.0178,0.0,0.66,0.23,2,1,0,0,0
0.22,0.113,0.33,0.67,0.0,149.46,3139520003138,25.0,45.0,1,15,2.0,0,0,0.0,0,360.0,0.0178,2250,2.3219,1,0.548,0.0,0.0,1.0,0.8,0.6,3,1,0,0,0
1.1,0.625,0.73,0.27,0.0,44.89,1340640001340,25.0,35.0,0,0,0.0,1,0,3.0,0,180.0,0.0219,1750,2.3219,2,0.0674,1.0,0.0004,0.0,0.57,0.63,4,1,0,0,0
1.1,0.625,1.0,0.0,0.0,50.97,693853334025,25.0,25.0,1,45,2.0,0,0,0.0,0,180.0,0.0149,1250,2.3219,6,0.2736,0.7,0.0072,0.0,0.0,0.0,0,1,0,0,0
1.1,0.625,0.73,0.27,0.0,43.79,1612783334944,45.0,25.0,1,15,2.5,0,0,0.0,0,180.0,0.015,2250,2.3219,2,0.5929,0.0,0.0,1.0,0.0,0.0,0,1,0,0,0
1.1,0.625,0.23,0.77,0.0,62.36,3696420003694,35.0,25.0,1,45,1.5,0,0,0.0,0,144.0,0.0172,1750,2.3219,5,0.4254,0.8,0.0065,0.0,0.38,0.65,2,1,0,0,0
2.0,0.267,0.3,0.7,0.0,79.78,3137510003136,35.0,35.0,1,30,2.5,0,0,0.0,0,180.0,0.0219,2450,2.3219,5,0.4188,0.4,0.008,0.0,0.47,0.74,9,1,0,0,0
1.1,0.625,0.9,0.1,0.0,38.81,1243213334575,35.0,25.0,1,15,2.0,0,0,0.0,0,90.0,0.012,1750,2.3219,4,0.6066,1.0,0.0048,0.0,0.0,0.0,0,1,0,0,0
0.22,0.113,0.93,0.03,0.03,77.85,2100253335432,25.0,35.0,1,70,2.0,0,0,0.0,0,72.0,0.0212,1750,2.3219,6,0.2043,0.7,0.0098,0.0,0.0,0.0,0,1,0,0,0
2.0,0.267,1.0,0.0,0.0,66.35,1512823334844,25.0,35.0,0,0,0.0,1,0,3.0,0,180.0,0.0219,1750,2.3219,2,0.0674,1.0,0.0004,0.0,0.54,0.52,2,1,0,0,0
0.22,0.113,0.8,0.2,0.0,72.59,1530693334861,35.0,25.0,1,45,2.5,0,0,0.0,0,180.0,0.0191,1750,2.3219,2,0.2937,0.0,0.0,1.0,0.45,0.54,2,1,0,0,0
1.1,0.625,0.5,0.5,0.0,35.81,853530000852,35.0,25.0,1,15,2.0,0,0,0.0,0,180.0,0.0116,1750,2.3219,2,0.6277,1.0,0.0002,0.0,0.58,0.57,6,1,0,0,0
2.0,0.267,0.54,0.46,0.0,28.79,549785714833,25.0,25.0,0,0,0.0,1,40,2.0,0,264.7059,0.0085,1250,2.3219,12,0.6892,0.3,0.0376,0.0,0.54,0.59,6,1,0,0,0
0.22,0.113,0.79,0.21,0.0,136.7,2514758623203,45.0,45.0,0,0,0.0,1,10,2.0,0,265.2632,0.0436,4050,2.3219,16,0.1391,0.5,0.0121,0.0,0.0,0.0,0,1,0,0,0
2.0,0.267,0.6,0.4,0.0,65.85,1271213334603,25.0,35.0,1,70,2.5,0,0,0.0,0,120.0,0.0203,1750,2.3219,3,0.2409,1.0,0.0126,0.0,0.54,0.56,6,1,0,0,0
1.1,0.625,0.47,0.53,0.0,70.79,2666543335998,35.0,45.0,1,15,2.5,0,0,0.0,0,360.0,0.0222,3150,2.3219,1,0.5517,0.0,0.0,1.0,0.35,0.63,6,1,0,0,0
0.22,0.113,0.7,0.2,0.1,57.66,2449253335781,25.0,25.0,1,15,2.5,0,0,0.0,0,90.0,0.013,1250,2.3219,4,0.38,0.5,0.0041,0.0,0.0,0.0,0,1,0,0,0
0.22,0.113,0.63,0.37,0.0,63.16,1494386668158,25.0,45.0,1,45,1.5,0,0,0.0,0,180.0,0.0207,2250,2.3219,5,0.4487,0.6,0.0046,0.0,0.47,0.45,9,1,0,0,0
0.22,0.113,0.3,0.6,0.1,116.61,4340563337672,35.0,45.0,0,0,0.0,1,40,1.0,0,72.0,0.0359,3150,2.3219,47,0.1948,0.6,0.0153,0.0,0.0,0.0,0,1,0,0,0
1.1,0.625,0.17,0.83,0.0,25.11,5176826671844,35.0,45.0,0,0,0.0,1,40,3.0,0,290.3226,0.017,3150,2.3219,17,0.7102,0.6,0.0128,0.0,0.0,0.0,0,1,0,0,0
1.1,0.625,0.3,0.63,0.07,71.18,2653196669318,45.0,35.0,0,0,0.0,1,30,3.0,0,221.5385,0.0222,3150,2.3219,7,0.5716,0.6,0.0057,0.0,0.38,0.6,3,1,0,0,0
2.0,0.267,0.57,0.43,0.0,14.94,292653333625,25.0,45.0,1,15,1.5,0,0,0.0,0,180.0,0.0126,2250,2.3219,5,0.6964,0.8,0.0091,0.0,0.33,0.48,6,1,0,0,0
1.1,0.625,0.37,0.63,0.0,39.27,909673334240,25.0,45.0,1,30,2.0,0,0,0.0,0,180.0,0.0184,2250,2.3219,2,0.4944,1.0,0.0002,0.0,0.49,0.59,9,1,0,0,0
2.0,0.267,0.55,0.45,0.0,43.36,1081875863149,45.0,35.0,1,15,1.5,0,0,0.0,0,360.0,0.016,3150,2.3219,1,0.7122,0.0,0.0,1.0,0.56,0.52,3,1,0,0,0
0.22,0.113,0.67,0.33,0.0,67.47,1714703335048,25.0,45.0,1,30,2.0,0,0,0.0,0,270.0,0.0186,2250,2.3219,3,0.4962,1.0,0.0168,0.0,0.54,0.25,3,1,0,0,0
2.0,0.267,0.8,0.2,0.0,63.84,1805600001805,25.0,45.0,0,0,0.0,1,0,1.0,0,180.0,0.0273,2250,2.3219,2,0.0613,0.0,0.0,1.0,0.73,0.59,3,1,0,0,0
0.22,0.113,0.67,0.3,0.03,85.79,2213563335545,25.0,45.0,0,0,0.0,1,10,2.0,0,270.0,0.0251,2250,2.3219,12,0.236,0.4,0.0202,0.0,0.39,0.56,3,1,0,0,0
1.1,0.625,0.33,0.6,0.07,32.74,3913426670577,25.0,45.0,0,0,0.0,1,40,2.0,0,317.6471,0.0184,2250,2.3219,9,0.546,0.6,0.0243,0.0001,0.56,0.64,6,1,0,0,0
1.1,0.625,0.3,0.7,0.0,67.12,2934480002932,35.0,35.0,1,30,2.5,0,0,0.0,0,120.0,0.0243,2450,2.3219,6,0.3594,0.7,0.0078,0.0,0.46,0.71,6,1,0,0,0
0.22,0.113,1.0,0.0,0.0,109.48,1725413335056,35.0,25.0,0,0,0.0,1,0,2.0,0,180.0,0.0219,1750,2.3219,2,0.0674,1.0,0.0003,0.0,0.0,0.0,0,1,0,0,0
2.0,0.267,0.63,0.37,0.0,103.12,2142200002141,45.0,45.0,0,0,0.0,1,0,3.0,0,180.0,0.0454,4050,2.3219,2,0.044,0.0,0.0,1.0,0.51,0.5,12,1,0,0,0
0.22,0.113,0.03,0.9,0.07,103.48,5443413338774,45.0,35.0,0,0,0.0,1,20,2.0,0,293.0233,0.0327,3150,2.3219,14,0.2646,0.4,0.012,0.0,0.62,0.66,9,1,0,0,0
0.22,0.113,0.43,0.57,0.0,65.61,1367586668033,35.0,25.0,1,30,2.0,0,0,0.0,0,240.0,0.0155,1750,2.3219,4,0.4634,0.8,0.009,0.0,0.57,0.57,6,1,0,0,0
0.22,0.113,1.0,0.0,0.0,119.89,2051773335383,35.0,35.0,0,0,0.0,1,0,2.0,0,180.0,0.0295,2450,2.3219,2,0.0563,0.0,0.0,1.0,0.0,0.0,0,1,0,0,0
0.22,0.113,0.03,0.83,0.13,91.09,5664240005663,45.0,45.0,1,70,2.0,0,0,0.0,0,240.0,0.0366,4050,2.3219,11,0.3807,0.5,0.0113,0.0,0.45,0.69,4,1,0,0,0
0.22,0.113,0.43,0.57,0.0,75.93,2270493335602,25.0,45.0,1,45,2.0,0,0,0.0,0,180.0,0.02,2250,2.3219,2,0.4556,0.0,0.0,1.0,0.75,0.56,6,1,0,0,0
1.1,0.625,0.57,0.43,0.0,51.45,3026746669694,35.0,45.0,1,30,2.5,0,0,0.0,0,120.0,0.0243,3150,2.3219,6,0.4984,0.3,0.0134,0.0,0.0,0.0,0,1,0,0,0
0.22,0.113,0.3,0.7,0.0,63.06,1388343334721,25.0,35.0,1,15,2.0,0,0,0.0,0,120.0,0.0138,1750,2.3219,6,0.5471,0.3,0.008,0.0,0.65,0.49,6,1,0,0,0
1.1,0.625,0.4,0.6,0.0,88.58,3576453336907,45.0,35.0,0,0,0.0,1,20,2.0,0,169.4118,0.0325,3150,2.3219,15,0.2692,0.6,0.0213,0.0,0.0,0.0,0,1,0,0,0
1.1,0.625,0.2,0.8,0.0,62.05,4010703337341,45.0,35.0,1,45,2.0,0,0,0.0,0,90.0,0.0253,3150,2.3219,4,0.4763,1.0,0.002,0.0,0.42,0.64,3,1,0,0,0
1.1,0.625,0.77,0.23,0.0,58.66,935643334268,25.0,25.0,1,45,2.5,0,0,0.0,0,180.0,0.0148,1250,2.3219,3,0.2908,1.0,0.0068,0.0,0.69,0.61,4,1,0,0,0
0.22,0.113,0.4,0.6,0.0,109.73,2822506669487,45.0,25.0,1,70,1.5,0,0,0.0,0,216.0,0.0235,2250,2.3219,6,0.3467,0.7,0.0071,0.0,0.59,0.51,6,1,0,0,0
2.0,0.267,0.55,0.45,0.0,61.13,2311282760931,35.0,25.0,1,70,1.5,0,0,0.0,0,180.0,0.0195,1750,2.3219,7,0.3223,0.6,0.0091,0.0,0.87,0.59,4,1,0,0,0
0.22,0.113,0.7,0.3,0.0,69.65,1113153334444,25.0,25.0,1,30,2.5,0,0,0.0,0,360.0,0.0151,1250,2.3219,1,0.2488,0.0,0.0,1.0,0.58,0.56,6,1,0,0,0
0.22,0.113,0.4,0.6,0.0,129.16,2275066668939,45.0,35.0,1,45,1.5,0,0,0.0,0,72.0,0.0235,3150,2.3219,6,0.546,0.5,0.0062,0.0,0.44,0.51,3,1,0,0,0
2.0,0.267,0.6,0.4,0.0,52.14,2733870002732,25.0,45.0,1,45,2.5,0,0,0.0,0,240.0,0.0233,2250,2.3219,3,0.3336,1.0,0.0122,0.0,0.0,0.0,0,1,0,0,0
0.22,0.113,0.93,0.07,0.0,63.36,1353483334685,35.0,25.0,1,30,2.5,0,0,0.0,0,180.0,0.0177,1750,2.3219,4,0.3389,0.5,0.0047,0.0,0.0,0.0,0,1,0,0,0
1.1,0.625,0.93,0.07,0.0,43.13,1012823334344,25.0,35.0,1,70,1.5,0,0,0.0,0,120.0,0.0176,1750,2.3219,10,0.4006,0.6,0.0105,0.0,0.0,0.0,0,1,0,0,0
1.1,0.625,0.4,0.6,0.0,17.44,1312210001311,25.0,45.0,0,0,0.0,1,30,2.0,0,77.1429,0.0204,2250,2.3219,14,0.4647,0.6,0.0215,0.0,0.64,0.45,9,1,0,0,0
2.0,0.267,0.87,0.13,0.0,73.78,2130253335462,45.0,45.0,0,0,0.0,1,10,2.0,0,168.0,0.0441,4050,2.3219,12,0.1301,0.5,0.0123,0.0,0.58,0.47,4,1,0,0,0
0.22,0.113,0.47,0.53,0.0,10.77,185570000184,45.0,25.0,1,15,1.5,0,0,0.0,0,180.0,0.0147,2250,2.3219,2,0.6544,1.0,0.0009,0.0,0.44,0.7,9,1,0,0,0
2.0,0.267,0.23,0.77,0.0,64.73,4832566671498,35.0,45.0,0,0,0.0,1,40,2.0,0,307.3171,0.0281,3150,2.3219,10,0.4363,0.5,0.0186,0.0,0.0,0.0,0,1,0,0,0
0.22,0.113,0.9,0.1,0.0,51.64,986493334318,25.0,25.0,1,70,2.0,0,0,0.0,0,180.0,0.0157,1250,2.3219,2,0.2108,0.0,0.0,1.0,0.41,0.74,2,1,0,0,0
0.22,0.113,0.27,0.7,0.03,126.7,3607076670271,45.0,45.0,0,0,0.0,1,30,3.0,0,200.0,0.032,4050,2.3219,9,0.476,0.6,0.0123,0.0,0.44,0.69,4,1,0,0,0
2.0,0.267,0.67,0.33,0.0,60.17,1914943335247,25.0,35.0,1,45,2.0,0,0,0.0,0,360.0,0.0184,1750,2.3219,4,0.3609,0.5,0.0306,0.0,0.4,0.68,4,1,0,0,0
0.22,0.113,0.37,0.63,0.0,112.47,2928190002926,45.0,35.0,1,30,2.5,0,0,0.0,0,180.0,0.0258,3150,2.3219,4,0.4576,0.5,0.0047,0.0,0.51,0.6,9,1,0,0,0
0.22,0.113,0.23,0.77,0.0,128.17,3574946670241,45.0,45.0,0,0,0.0,1,40,1.0,0,221.5385,0.0449,4050,2.3219,41,0.1599,0.4,0.0142,0.0,0.65,0.55,12,1,0,0,0
1.1,0.625,0.17,0.83,0.0,86.29,3822706670489,35.0,45.0,0,0,0.0,1,10,2.0,0,278.7097,0.0347,3150,2.3219,14,0.1778,0.4,0.0147,0.0,0.58,0.84,3,1,0,0,0
1.1,0.625,0.43,0.57,0.0,66.93,3662973336996,35.0,45.0,0,0,0.0,1,20,1.0,0,158.0488,0.0365,3150,2.3219,29,0.1235,0.5,0.0131,0.0,0.0,0.0,0,1,0,0,0
1.1,0.625,0.3,0.7,0.0,68.8,2705973336039,25.0,35.0,0,0,0.0,1,30,1.0,0,60.0,0.0208,1750,2.3219,26,0.2606,0.6,0.0174,0.0,0.69,0.72,6,1,0,0,0
1.1,0.625,0.6,0.4,0.0,35.21,1332626667995,35.0,25.0,0,0,0.0,1,40,1.0,0,77.1429,0.0202,1750,2.3219,28,0.32,0.6,0.1221,0.0006,0.8,0.52,4,1,0,0,0
2.0,0.267,0.23,0.77,0.0,71.78,3892533337224,45.0,35.0,1,15,2.0,0,0,0.0,0,120.0,0.0176,3150,2.3219,3,0.676,1.0,0.0045,0.0,0.56,0.51,6,1,0,0,0
0.22,0.113,0.43,0.57,0.0,68.16,1267636667934,25.0,25.0,1,45,1.5,0,0,0.0,0,180.0,0.0149,1250,2.3219,5,0.3164,0.6,0.0091,0.0,0.53,0.46,6,1,0,0,0
2.0,0.267,0.33,0.67,0.0,65.32,3191250003190,25.0,45.0,1,70,2.0,0,0,0.0,0,360.0,0.0263,2250,2.3219,3,0.2351,0.3,0.0152,0.0,0.62,0.52,9,1,0,0,0
0.22,0.113,0.9,0.07,0.03,56.34,1361723334692,35.0,25.0,1,15,2.5,0,0,0.0,0,360.0,0.0135,1750,2.3219,1,0.5429,0.0,0.0,1.0,0.0,0.0,0,1,0,0,0
0.22,0.113,0.47,0.5,0.03,142.26,3025626669691,45.0,45.0,0,0,0.0,1,30,1.0,0,137.1429,0.0454,4050,2.3219,46,0.136,0.6,0.0149,0.0,0.65,0.63,8,1,0,0,0
1.1,0.625,0.33,0.67,0.0,48.51,3216250003215,35.0,35.0,1,30,1.5,0,0,0.0,0,90.0,0.018,2450,2.3219,5,0.5771,0.8,0.01,0.0,0.76,0.68,6,1,0,0,0
2.0,0.267,0.17,0.83,0.0,45.11,4361826671026,45.0,35.0,1,30,1.5,0,0,0.0,0,257.1429,0.0244,3150,2.3219,8,0.5405,0.6,0.0087,0.0,0.52,0.58,9,1,0,0,0
0.22,0.113,0.83,0.17,0.0,66.95,1070086667734,25.0,25.0,1,70,2.5,0,0,0.0,0,180.0,0.0151,1250,2.3219,2,0.2336,0.0,0.0,1.0,0.41,0.48,4,1,0,0,0
0.22,0.113,0.47,0.53,0.0,111.92,2554626669217,45.0,25.0,0,0,0.0,1,40,1.0,0,90.0,0.0258,2250,2.3219,24,0.2507,0.5,0.0103,0.0,0.0,0.0,0,1,0,0,0
1.1,0.625,0.55,0.45,0.0,11.95,189186207084,35.0,35.0,1,15,1.5,0,0,0.0,0,180.0,0.0147,2450,2.3219,2,0.6629,0.0,0.0,1.0,0.44,0.6,6,1,0,0,0
1.1,0.625,0.63,0.37,0.0,63.51,1367803334699,35.0,25.0,0,0,0.0,1,0,1.0,0,180.0,0.0219,1750,2.3219,2,0.0674,1.0,0.0003,0.0,0.51,0.71,6,1,0,0,0
2.0,0.267,0.37,0.63,0.0,43.42,2881746669546,25.0,25.0,1,15,2.0,0,0,0.0,0,90.0,0.0111,1250,2.3219,4,0.5212,0.5,0.0055,0.0,0.46,0.6,2,1,0,0,0
0.22,0.113,0.9,0.1,0.0,53.29,1191960001191,25.0,25.0,1,15,1.5,0,0,0.0,0,180.0,0.0093,1250,2.3219,2,0.586,0.0,0.0,1.0,0.0,0.0,0,1,0,0,0
1.1,0.625,0.23,0.77,0.0,82.71,3381346670048,35.0,45.0,0,0,0.0,1,10,2.0,0,200.0,0.0347,3150,2.3219,16,0.1751,0.6,0.0157,0.0,0.55,0.64,9,1,0,0,0
0.22,0.113,0.57,0.43,0.0,108.42,2030266668696,45.0,45.0,1,70,2.5,0,0,0.0,0,288.0,0.0409,4050,2.3219,10,0.2744,0.6,0.0084,0.0,0.41,0.64,8,1,0,0,0
2.0,0.267,0.3,0.7,0.0,89.29,3350633336680,35.0,45.0,0,0,0.0,1,30,1.0,0,196.3636,0.0361,3150,2.3219,27,0.1538,0.5,0.0161,0.0,0.62,0.6,9,1,0,0,0
2.0,0.267,0.23,0.77,0.0,87.94,4072106670736,45.0,45.0,0,0,0.0,1,40,3.0,0,296.4706,0.0283,4050,2.3219,7,0.5372,0.3,0.038,0.0,0.57,0.43,12,1,0,0,0
1.1,0.625,0.4,0.6,0.0,72.46,3163050003160,25.0,45.0,0,0,0.0,1,30,2.0,0,231.4286,0.0205,2250,2.3219,7,0.4629,0.4,0.0224,0.0,0.37,0.5,6,1,0,0,0
0.22,0.113,0.9,0.1,0.0,46.61,868344828455,25.0,35.0,0,0,0.0,1,40,2.0,0,180.0,0.0128,1750,2.3219,12,0.6123,0.7,0.1007,0.0003,0.0,0.0,0,1,0,0,0
2.0,0.267,0.43,0.57,0.0,161.43,3328960003328,45.0,45.0,1,70,1.5,0,0,0.0,0,120.0,0.0339,4050,2.3219,11,0.4627,0.5,0.0091,0.0,0.0,0.0,0,1,0,0,0
2.0,0.267,0.3,0.7,0.0,87.73,3897626670563,35.0,45.0,1,70,1.5,0,0,0.0,0,360.0,0.0287,3150,2.3219,3,0.414,0.7,0.0065,0.0,0.54,0.56,6,1,0,0,0
2.0,0.267,0.47,0.53,0.0,67.17,2910880002909,25.0,45.0,0,0,0.0,1,10,1.0,0,246.8571,0.0273,2250,2.3219,20,0.1133,0.5,0.0193,0.0,0.47,0.56,9,1,0,0,0
0.22,0.113,0.47,0.47,0.07,133.78,3678566670344,45.0,45.0,0,0,0.0,1,40,2.0,0,300.0,0.0375,4050,2.3219,13,0.3578,0.5,0.0126,0.0,0.0,0.0,0,1,0,0,0
2.0,0.267,0.6,0.4,0.0,77.46,1460160001458,35.0,25.0,1,70,2.5,0,0,0.0,0,180.0,0.0201,1750,2.3219,2,0.2503,0.0,0.0,1.0,0.65,0.59,4,1,0,0,0
1.1,0.625,0.53,0.47,0.0,96.88,2558173335890,45.0,45.0,0,0,0.0,1,0,2.0,0,180.0,0.0454,4050,2.3219,2,0.044,0.0,0.0,1.0,0.75,0.56,8,1,0,0,0
2.0,0.267,0.47,0.53,0.0,80.5,2548483335880,45.0,25.0,0,0,0.0,1,20,1.0,0,252.0,0.027,2250,2.3219,23,0.1642,0.7,0.0103,0.0,0.42,0.66,6,1,0,0,0
1.1,0.625,0.47,0.53,0.0,32.62,2782000002779,25.0,45.0,1,70,1.5,0,0,0.0,0,254.1176,0.0225,2250,2.3219,10,0.4073,0.6,0.0148,0.0,0.0,0.0,0,1,0,0,0
1.1,0.625,0.07,0.6,0.33,39.49,5407916672070,45.0,35.0,1,45,2.0,0,0,0.0,0,240.0,0.0268,3150,2.3219,3,0.4506,1.0,0.0069,0.0,0.0,0.0,0,1,0,0,0
2.0,0.267,0.53,0.47,0.0,206.22,2965720002963,35.0,25.0,0,0,0.0,1,10,1.0,0,245.4545,0.0219,1750,2.3219,11,0.1331,0.5,0.0116,0.0,0.53,0.61,4,1,0,0,0
0.22,0.113,0.33,0.63,0.03,100.83,2956443336287,45.0,35.0,0,0,0.0,1,30,2.0,0,193.8462,0.0304,3150,2.3219,19,0.3757,0.5,0.0111,0.0,0.73,0.69,3,1,0,0,0
2.0,0.267,1.0,0.0,0.0,44.68,1122586667788,25.0,25.0,0,0,0.0,1,0,2.0,0,180.0,0.0163,1250,2.3219,2,0.0784,1.0,0.0004,0.0,0.0,0.0,0,1,0,0,0
1.1,0.625,0.6,0.4,0.0,70.45,2760496669425,35.0,45.0,0,0,0.0,1,10,1.0,0,156.5217,0.0367,3150,2.3219,19,0.0898,0.5,0.0163,0.0,0.55,0.4,3,1,0,0,0
0.22,0.113,0.73,0.27,0.0,97.22,2106133335437,35.0,45.0,1,45,2.5,0,0,0.0,0,90.0,0.0265,3150,2.3219,6,0.4259,0.7,0.0092,0.0,0.51,0.19,3,1,0,0,0
2.0,0.267,0.83,0.17,0.0,77.91,1811053335141,25.0,35.0,0,0,0.0,1,0,1.0,0,180.0,0.0219,1750,2.3219,2,0.0674,1.0,0.0004,0.0,0.44,0.59,2,1,0,0,0
2.0,0.267,0.5,0.5,0.0,64.68,3347520003346,35.0,35.0,0,0,0.0,1,20,2.0,0,205.7143,0.0251,2450,2.3219,14,0.3288,0.5,0.0138,0.0,0.0,0.0,0,1,0,0,0
0.22,0.113,0.68,0.32,0.0,20.52,941585715225,45.0,25.0,0,0,0.0,1,40,3.0,0,280.0,0.0117,2250,2.3219,10,0.7396,0.6,0.3841,0.0067,0.52,0.62,3,1,0,0,0
0.22,0.113,0.3,0.7,0.0,126.59,2583106669247,45.0,45.0,1,30,2.5,0,0,0.0,0,288.0,0.0325,4050,2.3219,5,0.4499,0.6,0.0091,0.0,0.57,0.61,12,1,0,0,0
2.0,0.267,0.83,0.17,0.0,60.3,1169266667835,35.0,25.0,1,15,2.5,0,0,0.0,0,360.0,0.0171,1750,2.3219,2,0.4034,1.0,0.008,0.0,0.64,0.23,2,1,0,0,0
1.1,0.625,0.47,0.53,0.0,44.45,1373420001371,25.0,45.0,1,45,1.5,0,0,0.0,0,90.0,0.0191,2250,2.3219,4,0.49,0.8,0.0105,0.0,0.35,0.6,9,1,0,0,0
1.1,0.625,0.73,0.27,0.0,12.43,427153846579,25.0,25.0,1,15,1.5,0,0,0.0,0,360.0,0.0105,1250,2.3219,1,0.5352,0.0,0.0,1.0,0.75,0.52,6,1,0,0,0
0.22,0.113,0.63,0.37,0.0,92.78,1803270001802,35.0,45.0,1,45,1.5,0,0,0.0,0,180.0,0.0275,3150,2.3219,13,0.4533,0.5,0.011,0.0,0.58,0.51,9,1,0,0,0
0.22,0.113,0.7,0.3,0.0,85.04,1423453334754,25.0,25.0,1,45,2.0,0,0,0.0,0,180.0,0.0146,1250,2.3219,4,0.3092,0.5,0.0075,0.0,0.56,0.42,6,1,0,0,0
2.0,0.267,0.9,0.1,0.0,96.51,2523000002520,35.0,45.0,0,0,0.0,1,40,1.0,0,45.0,0.0359,3150,2.3219,42,0.1962,0.6,0.0164,0.0,0.0,0.0,0,1,0,0,0
1.1,0.625,0.4,0.57,0.03,91.02,3636440003634,35.0,35.0,0,0,0.0,1,40,1.0,0,231.4286,0.0285,2450,2.3219,26,0.2265,0.5,0.0127,0.0,0.0,0.0,0,1,0,0,0
1.1,0.625,0.5,0.5,0.0,61.13,2419210002418,35.0,35.0,0,0,0.0,1,20,1.0,0,185.1429,0.0292,2450,2.3219,23,0.1531,0.5,0.0143,0.0,0.51,0.54,6,1,0,0,0
0.22,0.113,0.5,0.5,0.0,70.0,1546280001545,35.0,25.0,1,15,2.0,0,0,0.0,0,180.0,0.0124,1750,2.3219,2,0.6017,0.0,0.0,1.0,0.56,0.53,6,1,0,0,0
2.0,0.267,0.63,0.37,0.0,33.33,1794040001791,35.0,25.0,0,0,0.0,1,30,2.0,0,216.0,0.0153,1750,2.3219,11,0.5103,0.6,0.0786,0.0003,0.31,0.43,2,1,0,0,0
1.1,0.625,0.27,0.73,0.0,19.37,451906667117,45.0,25.0,0,0,0.0,1,20,3.0,0,240.0,0.0172,2250,2.3219,6,0.5591,0.5,0.0101,0.0,0.56,0.6,9,1,0,0,0
0.22,0.113,1.0,0.0,0.0,106.63,2505480002503,45.0,45.0,0,0,0.0,1,0,2.0,0,180.0,0.0454,4050,2.3219,2,0.044,0.0,0.0,1.0,0.0,0.0,0,1,0,0,0
0.22,0.113,0.4,0.6,0.0,82.79,2283463335614,35.0,25.0,0,0,0.0,1,40,1.0,0,112.5,0.02,1750,2.3219,16,0.3083,0.6,0.0264,0.0,0.39,0.57,6,1,0,0,0
2.0,0.267,1.0,0.0,0.0,93.57,1605506668270,45.0,25.0,0,0,0.0,1,0,3.0,0,180.0,0.0273,2250,2.3219,2,0.0613,0.0,0.0,1.0,0.0,0.0,0,1,0,0,0
0.22,0.113,0.48,0.52,0.0,38.47,1732706898283,35.0,45.0,1,15,1.5,0,0,0.0,0,360.0,0.0146,3150,2.3219,2,0.7446,1.0,0.01,0.0,0.47,0.5,6,1,0,0,0
1.1,0.625,0.47,0.53,0.0,62.3,2360480002358,25.0,45.0,1,45,2.0,0,0,0.0,0,308.5714,0.0202,2250,2.3219,3,0.4142,0.7,0.0111,0.0,0.56,0.53,3,1,0,0,0
2.0,0.267,0.7,0.3,0.0,56.79,1349020001349,25.0,35.0,0,0,0.0,1,0,1.0,0,180.0,0.0219,1750,2.3219,2,0.0674,1.0,0.0004,0.0,0.58,0.52,6,1,0,0,0
2.0,0.267,0.37,0.6,0.03,41.8,3709506670374,35.0,35.0,1,45,2.0,0,0,0.0,0,288.0,0.0225,2450,2.3219,6,0.3943,0.5,0.0088,0.0,0.0,0.0,0,1,0,0,0
2.0,0.267,0.37,0.63,0.0,43.35,3027960003027,25.0,45.0,1,30,1.5,0,0,0.0,0,288.0,0.0187,2250,2.3219,3,0.5273,0.7,0.0134,0.0,0.38,0.8,3,1,0,0,0
2.0,0.267,0.2,0.8,0.0,95.7,3484770003482,45.0,35.0,1,30,2.0,0,0,0.0,0,360.0,0.0226,3150,2.3219,1,0.5421,0.0,0.0,1.0,0.49,0.73,9,1,0,0,0
0.22,0.113,0.3,0.7,0.0,118.58,3232100003233,45.0,35.0,0,0,0.0,1,10,3.0,0,240.0,0.0307,3150,2.3219,3,0.2983,0.7,0.0035,0.0,0.6,0.66,6,1,0,0,0
