robot_max_speed,robot_radius,success_rate,collision_rate,average_collision_amount,timeout_rate,timeout_collision_rate,average_path_length,average_time_diff,width,height,indoor_map_type,iterations,corridor_width,outdoor_map_type,num_static_obstacles,static_obstacle_size,other_map_type,mean_angle_info,entropy,map_size,max_entropy,num_obs_cv2,occupancy_ratio,distance_normalized,distance_avg,distance_variance,average_linear_velocity,average_obstalce_size,number_dynamic_obstalces,dyn_obstacle_occupation,crowdnav,dwa,rlca,teb
0.22,0.113,0.53,0.47,11.2,0.0,0.13,191.2,1346800001345.0,90,50,1,45,4,0,0,0,0,240.0,0.024,2250,2.3219,7,0.3078,0.6,0.0069,0.0,0.55,0.51,6,3,0,0,1,0
0.22,0.113,0.27,0.73,6.2,0.0,0.03,126.77,1084853334416.87,90,90,1,70,5,0,0,0,0,257.1429,0.0368,4050,2.3219,12,0.3481,0.2,0.0103,0.0,0.41,0.62,12,7,0,0,1,0
0.22,0.113,0.67,0.33,3.53,0.0,0.03,42.53,457130000455.3,50,50,1,45,3,0,0,0,0,180.0,0.0145,1250,2.3219,2,0.3424,0.0,0.0,1.0,0.63,0.53,4,2,0,0,1,0
0.22,0.113,0.67,0.33,0.37,0.0,0.0,27.32,374146667039.13,50,70,1,70,5,0,0,0,0,180.0,0.0195,1750,2.3219,2,0.2586,1.0,0.0004,0.0,0.35,0.57,6,3,0,0,1,0
0.22,0.113,0.33,0.67,11.5,0.0,0.1,193.89,1604146668269.13,90,70,1,30,5,0,0,0,0,261.8182,0.0277,3150,2.3219,6,0.4025,0.8,0.0061,0.0,0.63,0.65,9,6,0,0,1,0
0.22,0.113,0.5,0.5,13.93,0.0,0.13,141.37,1397653334730.87,70,50,1,45,3,0,0,0,0,216.0,0.0167,1750,2.3219,4,0.4454,0.8,0.0071,0.0,0.62,0.37,6,2,0,0,1,0
1.1,0.625,0.63,0.37,0.53,0.0,0.0,16.36,172573333505.07,50,90,1,15,4,0,0,0,0,180.0,0.015,2250,2.3219,2,0.6129,0.0,0.0,1.0,0.62,0.47,6,3,0,0,1,0
1.1,0.625,0.27,0.73,3.57,0.0,0.3,60.73,3010483336342.17,90,90,1,30,4,0,0,0,0,180.0,0.0273,4050,2.3219,2,0.5788,0.0,0.0,1.0,0.62,0.66,12,8,1,0,0,0
1.1,0.625,0.2,0.8,2.77,0.0,0.4,86.77,3004293336337.27,90,90,0,0,0,1,30,6,0,240.0,0.0306,4050,2.3219,7,0.5038,0.7,0.0102,0.0,0.55,0.46,12,6,1,0,0,0
1.1,0.625,0.63,0.37,0.67,0.0,0.23,68.32,2353756669018.23,90,70,1,70,4,0,0,0,0,288.0,0.031,3150,2.3219,7,0.3308,0.6,0.0096,0.0,0.0,0.0,0,0,1,0,0,0
0.22,0.113,0.87,0.13,0.17,0.0,0.03,109.66,2394933335727.67,90,70,0,0,0,1,10,4,0,256.0,0.0347,3150,2.3219,16,0.1721,0.4,0.0134,0.0,0.0,0.0,0,0,1,0,0,0
1.1,0.625,0.8,0.2,0.77,0.0,0.03,21.72,321506666986.73,50,70,0,0,0,1,20,4,0,144.0,0.0174,1750,2.3219,5,0.3894,0.4,0.0109,0.0,0.51,0.51,2,1,0,0,1,0
0.22,0.113,0.83,0.17,0.3,0.0,0.0,30.64,350830000349.3,70,50,1,70,5,0,0,0,0,90.0,0.021,1750,2.3219,4,0.1977,0.5,0.0044,0.0,0.55,0.46,2,1,0,0,1,0
2,0.267,0.3,0.7,2.73,0.0,0.5,89.81,3632826670297.93,90,70,1,30,3,0,0,0,0,180.0,0.0226,3150,2.3219,2,0.5751,0.0,0.0,1.0,0.6,0.52,9,5,1,0,0,0
0.22,0.113,0.67,0.33,3.6,0.0,0.07,70.7,791276667457.43,50,70,1,30,4,0,0,0,0,180.0,0.0151,1750,2.3219,3,0.4843,1.0,0.0045,0.0,0.49,0.58,6,4,0,0,1,0
2,0.267,0.27,0.73,1.43,0.0,0.47,52.23,3761280003760.8,70,70,1,30,3,0,0,0,0,202.5,0.0213,2450,2.3219,8,0.4873,0.5,0.0089,0.0,0.59,0.38,6,2,1,0,0,0
2,0.267,0.27,0.7,2.97,0.03,0.27,219.14,2865480002863.8,70,70,1,15,5,0,0,0,0,216.0,0.019,2450,2.3219,5,0.5106,0.6,0.0088,0.0,0.66,0.6,9,5,0,0,1,0
2,0.267,0.3,0.6,1.2,0.1,0.5,218.2,4066986670730.53,90,50,1,45,5,0,0,0,0,180.0,0.0228,2250,2.3219,2,0.3398,0.0,0.0,1.0,0.67,0.24,9,2,0,0,1,0
2,0.267,0.47,0.2,0.67,0.33,0.1,108.59,3335400003333.0,50,90,1,70,3,0,0,0,0,240.0,0.0216,2250,2.3219,9,0.4113,0.7,0.0129,0.0,0.0,0.0,0,0,0,0,1,0
0.22,0.113,0.8,0.2,0.33,0.0,0.0,67.95,1401290001400.9,50,90,1,70,5,0,0,0,0,180.0,0.0249,2250,2.3219,2,0.2322,1.0,0.0004,0.0,0.45,0.6,6,4,1,0,0,0
0.22,0.113,0.53,0.47,0.67,0.0,0.03,73.28,1932916668598.83,50,90,1,30,4,0,0,0,0,360.0,0.0192,2250,2.3219,2,0.47,1.0,0.0163,0.0,0.38,0.69,3,2,1,0,0,0
1.1,0.625,0.33,0.67,1.37,0.0,0.2,82.08,3066596669732.63,90,90,0,0,0,1,10,6,0,154.2857,0.041,4050,2.3219,10,0.2084,0.6,0.0127,0.0,0.31,0.57,8,5,1,0,0,0
0.22,0.113,0.41,0.59,1.85,0.0,0.11,96.04,2567662965529.59,90,90,1,15,3,0,0,0,0,180.0,0.0162,4050,2.3219,2,0.7744,1.0,0.0003,0.0,0.61,0.53,4,2,1,0,0,0
0.22,0.113,0.33,0.67,2.67,0.0,0.2,64.63,1822506668487.73,50,90,0,0,0,1,40,6,0,130.9091,0.0124,2250,2.3219,10,0.7087,0.5,0.0519,0.0,0.44,0.63,9,6,1,0,0,0
0.22,0.113,0.4,0.6,18.57,0.0,0.17,198.14,1773436668438.03,70,70,1,30,4,0,0,0,0,144.0,0.0229,2450,2.3219,5,0.4196,0.2,0.0069,0.0,0.0,0.0,0,0,0,0,1,0
2,0.267,0.3,0.7,1.5,0.0,0.17,63.76,2346743335677.77,90,50,1,15,4,0,0,0,0,216.0,0.0159,2250,2.3219,4,0.5902,1.0,0.0066,0.0,0.57,0.53,9,5,1,0,0,0
1.1,0.625,0.4,0.6,1.63,0.0,0.1,45.78,1221820001220.2,50,90,0,0,0,1,10,2,0,67.5,0.0274,2250,2.3219,14,0.1098,0.4,0.0134,0.0,0.77,0.6,9,5,0,0,1,0
2,0.267,0.6,0.4,0.63,0.0,0.13,69.56,2367666669031.33,70,90,1,70,5,0,0,0,0,240.0,0.0308,3150,2.3219,4,0.3159,1.0,0.008,0.0,0.44,0.48,9,4,1,0,0,0
2,0.267,0.37,0.63,1.17,0.0,0.4,73.21,3389173336721.07,70,90,0,0,0,1,20,4,0,138.4615,0.0327,3150,2.3219,20,0.271,0.6,0.0167,0.0,0.46,0.75,6,4,1,0,0,0
0.22,0.113,0.45,0.52,4.48,0.03,0.21,151.82,1760275863828.62,90,90,1,70,4,0,0,0,0,338.8235,0.0322,4050,2.3219,5,0.4525,0.8,0.0144,0.0,0.55,0.63,4,3,0,0,1,0
0.22,0.113,0.43,0.53,15.1,0.03,0.23,271.3,2258076668922.43,90,70,1,45,4,0,0,0,0,240.0,0.0272,3150,2.3219,3,0.4551,0.7,0.0024,0.0,0.0,0.0,0,0,0,0,1,0
0.22,0.113,0.3,0.7,14.3,0.0,0.2,224.47,2230066668894.33,70,90,1,15,5,0,0,0,0,180.0,0.0201,3150,2.3219,2,0.589,0.0,0.0,1.0,0.47,0.58,9,5,0,0,1,0
1.1,0.625,0.29,0.71,1.1,0.0,0.0,4.53,28038095265.62,70,50,1,15,3,0,0,0,0,360.0,0.0122,1750,2.3219,1,0.6137,0.0,0.0,1.0,0.5,0.59,4,2,0,0,1,0
0.22,0.113,0.87,0.13,0.17,0.0,0.0,40.94,502516667167.83,90,50,0,0,0,1,0,6,0,180.0,0.0273,2250,2.3219,2,0.0613,0.0,0.0,1.0,0.61,0.56,6,3,0,0,1,0
1.1,0.625,0.7,0.3,0.37,0.0,0.0,34.85,487226667152.93,70,70,0,0,0,1,0,2,0,180.0,0.0295,2450,2.3219,2,0.0563,0.0,0.0,1.0,0.55,0.38,6,2,0,0,1,0
1.1,0.625,0.33,0.63,7.0,0.03,0.43,246.3,3233610003233.1,70,50,0,0,0,1,30,4,0,150.0,0.0155,1750,2.3219,10,0.4889,0.6,0.061,0.0001,0.29,0.67,4,3,0,0,1,0
2,0.267,0.1,0.63,3.9,0.27,0.43,163.67,5049050005046.5,90,90,0,0,0,1,40,4,0,221.5385,0.0373,4050,2.3219,24,0.3702,0.5,0.0145,0.0,0.43,0.55,4,2,0,0,1,0
0.22,0.113,0.5,0.5,0.93,0.0,0.2,92.61,2802506669467.73,70,70,0,0,0,1,30,2,0,185.1429,0.0287,2450,2.3219,25,0.1969,0.5,0.0124,0.0,0.0,0.0,0,0,1,0,0,0
1.1,0.625,0.97,0.03,0.07,0.0,0.03,35.68,714858621404.79,50,70,0,0,0,1,30,2,0,130.9091,0.0208,1750,2.3219,25,0.2403,0.7,0.0164,0.0,0.0,0.0,0,0,1,0,0,0
2,0.267,0.57,0.4,0.6,0.03,0.23,60.08,2637776669302.43,50,50,0,0,0,1,10,2,0,135.0,0.016,1250,2.3219,14,0.1784,0.5,0.0124,0.0,0.67,0.37,2,1,1,0,0,0
1.1,0.625,0.3,0.7,9.37,0.0,0.23,233.9,2519840002518.4,70,90,1,70,4,0,0,0,0,240.0,0.0299,3150,2.3219,8,0.3527,0.6,0.0083,0.0,0.64,0.58,9,5,0,0,1,0
0.22,0.113,0.3,0.7,16.67,0.0,0.27,278.64,2117946668784.13,90,90,1,45,3,0,0,0,0,276.9231,0.0274,4050,2.3219,7,0.5701,0.6,0.0144,0.0,0.61,0.52,8,4,0,0,1,0
0.22,0.113,0.3,0.7,24.9,0.0,0.2,384.23,2235223335567.57,90,90,1,15,3,0,0,0,0,180.0,0.0184,4050,2.3219,2,0.7398,0.0,0.0,1.0,0.73,0.59,12,7,0,0,1,0
0.22,0.113,0.6,0.37,0.67,0.03,0.07,73.9,1885933335218.67,90,70,1,15,4,0,0,0,0,180.0,0.0185,3150,2.3219,2,0.6465,0.0,0.0,1.0,0.63,0.77,3,2,1,0,0,0
2,0.267,0.5,0.5,0.67,0.0,0.1,54.48,1908556668574.23,50,50,0,0,0,1,10,4,0,313.0435,0.0145,1250,2.3219,5,0.296,0.4,0.022,0.0,0.63,0.51,6,3,1,0,0,0
2,0.267,0.33,0.67,1.97,0.0,0.27,87.0,3124250003123.5,70,70,0,0,0,1,10,4,0,80.0,0.0273,2450,2.3219,14,0.2076,0.6,0.0113,0.0,0.61,0.58,6,4,1,0,0,0
0.22,0.113,0.67,0.27,5.83,0.07,0.07,111.11,1525830001524.3,70,50,1,45,5,0,0,0,0,180.0,0.0191,1750,2.3219,4,0.2797,0.5,0.0039,0.0,0.0,0.0,0,0,0,0,1,0
1.1,0.625,0.3,0.7,4.07,0.0,0.13,85.66,1513920001513.2,70,90,0,0,0,1,30,6,0,308.5714,0.0207,3150,2.3219,6,0.614,0.7,0.0113,0.0,0.42,0.43,9,4,0,0,1,0
2,0.267,0.63,0.0,0.0,0.37,0.0,38.54,2568986669232.53,70,50,1,15,5,0,0,0,0,180.0,0.0126,1750,2.3219,2,0.5891,0.0,0.0,1.0,0.0,0.0,0,0,0,0,1,0
2,0.267,0.1,0.9,1.87,0.0,0.63,101.27,4434240004433.4,90,90,0,0,0,1,20,6,0,265.2632,0.0358,4050,2.3219,10,0.3828,0.6,0.0119,0.0,0.43,0.61,8,5,1,0,0,0
2,0.267,0.17,0.83,1.7,0.0,0.77,72.93,5064393338398.27,90,90,0,0,0,1,40,4,0,100.8,0.0369,4050,2.3219,22,0.3821,0.6,0.0133,0.0,0.65,0.55,8,4,1,0,0,0
1.1,0.625,0.52,0.48,3.59,0.0,0.04,45.35,674837037712.07,50,90,1,15,3,0,0,0,0,180.0,0.014,2250,2.3219,2,0.6656,0.0,0.0,1.0,0.51,0.54,9,5,0,0,1,0
2,0.267,0.52,0.48,0.79,0.0,0.31,51.8,2866375864933.76,70,50,0,0,0,1,20,2,0,163.6364,0.0213,1750,2.3219,16,0.1929,0.4,0.0111,0.0,0.0,0.0,0,0,1,0,0,0
0.22,0.113,0.43,0.53,6.77,0.03,0.1,103.18,1201546667867.13,50,70,1,45,3,0,0,0,0,288.0,0.0176,1750,2.3219,6,0.4143,0.5,0.0134,0.0,0.0,0.0,0,0,0,0,1,0
0.22,0.113,0.69,0.31,0.83,0.0,0.0,34.15,436386207331.45,50,50,1,30,5,0,0,0,0,360.0,0.0138,1250,2.3219,1,0.3108,0.0,0.0,1.0,0.47,0.54,6,3,0,0,1,0
1.1,0.625,0.59,0.41,1.55,0.0,0.21,37.45,1519565518760.14,50,70,0,0,0,1,40,2,0,60.0,0.0202,1750,2.3219,21,0.3097,0.6,0.0178,0.0,0.66,0.23,2,0,1,0,0,0
0.22,0.113,0.33,0.67,1.37,0.0,0.2,149.46,3139520003138.2,50,90,1,15,4,0,0,0,0,360.0,0.0178,2250,2.3219,1,0.548,0.0,0.0,1.0,0.8,0.6,3,2,1,0,0,0
1.1,0.625,0.73,0.27,0.37,0.0,0.0,44.89,1340640001340.4,50,70,0,0,0,1,0,6,0,180.0,0.0219,1750,2.3219,2,0.0674,1.0,0.0004,0.0,0.57,0.63,4,3,1,0,0,0
1.1,0.625,1.0,0.0,0.0,0.0,0.0,50.97,693853334025.87,50,50,1,45,4,0,0,0,0,180.0,0.0149,1250,2.3219,6,0.2736,0.7,0.0072,0.0,0.0,0.0,0,0,1,0,0,0
1.1,0.625,0.73,0.27,0.4,0.0,0.13,43.79,1612783334944.17,90,50,1,15,5,0,0,0,0,180.0,0.015,2250,2.3219,2,0.5929,0.0,0.0,1.0,0.0,0.0,0,0,1,0,0,0
2,0.267,0.5,0.5,0.5,0.0,0.0,5.76,100325000103.25,50,50,1,15,3,0,0,0,0,180.0,0.0096,1250,2.3219,2,0.606,0.0,0.0,1.0,0.72,0.68,2,1,0,0,1,0
1.1,0.625,0.23,0.77,1.27,0.0,0.4,62.36,3696420003694.2,70,50,1,45,3,0,0,0,0,144.0,0.0172,1750,2.3219,5,0.4254,0.8,0.0065,0.0,0.38,0.65,2,1,1,0,0,0
2,0.267,0.3,0.7,1.7,0.0,0.3,79.78,3137510003136.1,70,70,1,30,5,0,0,0,0,180.0,0.0219,2450,2.3219,5,0.4188,0.4,0.008,0.0,0.47,0.74,9,7,1,0,0,0
1.1,0.625,0.9,0.1,0.27,0.0,0.07,38.81,1243213334575.47,70,50,1,15,4,0,0,0,0,90.0,0.012,1750,2.3219,4,0.6066,1.0,0.0048,0.0,0.0,0.0,0,0,1,0,0,0
1.1,0.625,0.41,0.59,0.97,0.0,0.0,7.45,59655172473.45,70,90,0,0,0,1,30,6,0,300.0,0.0196,3150,2.3219,10,0.6384,0.4,0.0157,0.0,0.45,0.54,6,3,0,0,1,0
1.1,0.625,0.48,0.52,1.55,0.0,0.03,64.03,689862069654.14,50,90,1,15,5,0,0,0,0,180.0,0.0163,2250,2.3219,2,0.5542,1.0,0.0013,0.0,0.64,0.43,6,3,0,0,1,0
0.22,0.113,0.93,0.03,0.03,0.03,0.03,77.85,2100253335432.87,50,70,1,70,4,0,0,0,0,72.0,0.0212,1750,2.3219,6,0.2043,0.7,0.0098,0.0,0.0,0.0,0,0,1,0,0,0
2,0.267,1.0,0.0,0.0,0.0,0.0,66.35,1512823334844.57,50,70,0,0,0,1,0,6,0,180.0,0.0219,1750,2.3219,2,0.0674,1.0,0.0004,0.0,0.54,0.52,2,1,1,0,0,0
2,0.267,0.13,0.8,2.53,0.07,0.53,422.49,4585226671250.93,50,90,1,70,4,0,0,0,0,288.0,0.0249,2250,2.3219,6,0.2836,0.5,0.0153,0.0,0.38,0.78,6,5,0,0,1,0
0.22,0.113,0.8,0.2,0.37,0.0,0.0,72.59,1530693334861.27,70,50,1,45,5,0,0,0,0,180.0,0.0191,1750,2.3219,2,0.2937,0.0,0.0,1.0,0.45,0.54,2,1,1,0,0,0
1.1,0.625,0.5,0.5,1.53,0.0,0.0,35.81,853530000852.3,70,50,1,15,4,0,0,0,0,180.0,0.0116,1750,2.3219,2,0.6277,1.0,0.0002,0.0,0.58,0.57,6,3,1,0,0,0
2,0.267,0.54,0.46,1.79,0.0,0.04,28.79,549785714833.57,50,50,0,0,0,1,40,4,0,264.7059,0.0085,1250,2.3219,12,0.6892,0.3,0.0376,0.0,0.54,0.59,6,4,1,0,0,0
0.22,0.113,0.79,0.21,0.38,0.0,0.0,136.7,2514758623203.79,90,90,0,0,0,1,10,4,0,265.2632,0.0436,4050,2.3219,16,0.1391,0.5,0.0121,0.0,0.0,0.0,0,0,1,0,0,0
2,0.267,0.6,0.4,0.57,0.0,0.0,65.85,1271213334603.47,50,70,1,70,5,0,0,0,0,120.0,0.0203,1750,2.3219,3,0.2409,1.0,0.0126,0.0,0.54,0.56,6,3,1,0,0,0
1.1,0.625,0.47,0.53,1.83,0.0,0.2,70.79,2666543335998.77,70,90,1,15,5,0,0,0,0,360.0,0.0222,3150,2.3219,1,0.5517,0.0,0.0,1.0,0.35,0.63,6,4,1,0,0,0
0.22,0.113,0.7,0.2,0.23,0.1,0.2,57.66,2449253335781.87,50,50,1,15,5,0,0,0,0,90.0,0.013,1250,2.3219,4,0.38,0.5,0.0041,0.0,0.0,0.0,0,0,1,0,0,0
0.22,0.113,0.63,0.37,0.63,0.0,0.03,63.16,1494386668158.53,50,90,1,45,3,0,0,0,0,180.0,0.0207,2250,2.3219,5,0.4487,0.6,0.0046,0.0,0.47,0.45,9,4,1,0,0,0
0.22,0.113,0.3,0.6,0.73,0.1,0.33,116.61,4340563337672.97,70,90,0,0,0,1,40,2,0,72.0,0.0359,3150,2.3219,47,0.1948,0.6,0.0153,0.0,0.0,0.0,0,0,1,0,0,0
2,0.267,0.07,0.57,1.83,0.37,0.53,457.34,5806973339137.07,90,90,0,0,0,1,40,2,0,62.6087,0.0451,4050,2.3219,46,0.1601,0.5,0.0146,0.0,0.48,0.55,8,4,0,0,1,0
2,0.267,0.27,0.73,3.27,0.0,0.2,158.49,2301853335633.87,90,50,1,45,3,0,0,0,0,120.0,0.0202,2250,2.3219,5,0.456,0.2,0.005,0.0,0.48,0.54,9,5,0,0,1,0
2,0.267,0.33,0.23,0.27,0.43,0.13,556.62,4051253337383.87,50,90,1,30,5,0,0,0,0,288.0,0.0226,2250,2.3219,5,0.34,0.4,0.0124,0.0,0.4,0.43,3,1,0,0,1,0
1.1,0.625,0.17,0.83,0.93,0.0,0.77,25.11,5176826671844.93,70,90,0,0,0,1,40,6,0,290.3226,0.017,3150,2.3219,17,0.7102,0.6,0.0128,0.0,0.0,0.0,0,0,1,0,0,0
2,0.267,0.13,0.27,1.07,0.6,0.23,250.44,5280306671943.73,90,90,0,0,0,1,20,6,0,290.3226,0.0351,4050,2.3219,11,0.3978,0.5,0.0122,0.0,0.0,0.0,0,0,0,0,1,0
1.1,0.625,0.3,0.63,1.9,0.07,0.17,71.18,2653196669318.63,90,70,0,0,0,1,30,6,0,221.5385,0.0222,3150,2.3219,7,0.5716,0.6,0.0057,0.0,0.38,0.6,3,2,1,0,0,0
1.1,0.625,0.43,0.57,3.33,0.0,0.17,70.01,1446476668111.43,50,90,0,0,0,1,10,4,0,231.4286,0.0256,2250,2.3219,12,0.2091,0.7,0.017,0.0,0.67,0.61,6,4,0,0,1,0
1.1,0.625,0.93,0.07,0.17,0.0,0.0,29.79,477133333808.67,50,70,0,0,0,1,0,2,0,180.0,0.0219,1750,2.3219,2,0.0674,1.0,0.0004,0.0,0.28,0.44,2,1,0,0,1,0
2,0.267,0.57,0.43,1.1,0.0,0.0,14.94,292653333625.87,50,90,1,15,3,0,0,0,0,180.0,0.0126,2250,2.3219,5,0.6964,0.8,0.0091,0.0,0.33,0.48,6,3,1,0,0,0
1.1,0.625,0.37,0.63,1.03,0.0,0.0,39.27,909673334240.07,50,90,1,30,4,0,0,0,0,180.0,0.0184,2250,2.3219,2,0.4944,1.0,0.0002,0.0,0.49,0.59,9,5,1,0,0,0
2,0.267,0.55,0.45,1.03,0.0,0.1,43.36,1081875863149.1,90,70,1,15,3,0,0,0,0,360.0,0.016,3150,2.3219,1,0.7122,0.0,0.0,1.0,0.56,0.52,3,2,1,0,0,0
0.22,0.113,0.67,0.33,0.43,0.0,0.07,67.47,1714703335048.37,50,90,1,30,4,0,0,0,0,270.0,0.0186,2250,2.3219,3,0.4962,1.0,0.0168,0.0,0.54,0.25,3,1,1,0,0,0
2,0.267,0.8,0.2,0.3,0.0,0.0,63.84,1805600001805.0,50,90,0,0,0,1,0,2,0,180.0,0.0273,2250,2.3219,2,0.0613,0.0,0.0,1.0,0.73,0.59,3,2,1,0,0,0
0.22,0.113,0.67,0.3,0.57,0.03,0.03,85.79,2213563335545.97,50,90,0,0,0,1,10,4,0,270.0,0.0251,2250,2.3219,12,0.236,0.4,0.0202,0.0,0.39,0.56,3,2,1,0,0,0
1.1,0.625,0.33,0.6,1.7,0.07,0.53,32.74,3913426670577.93,50,90,0,0,0,1,40,4,0,317.6471,0.0184,2250,2.3219,9,0.546,0.6,0.0243,0.0001,0.56,0.64,6,4,1,0,0,0
0.22,0.113,0.23,0.77,20.17,0.0,0.23,334.43,2318360002315.6,90,70,1,30,3,0,0,0,0,180.0,0.0229,3150,2.3219,4,0.5573,0.5,0.0043,0.0,0.65,0.7,9,6,0,0,1,0
2,0.267,0.45,0.55,3.59,0.0,0.0,35.28,789586207685.52,50,70,0,0,0,1,30,6,0,300.0,0.0084,1750,2.3219,8,0.7631,0.5,0.123,0.0001,0.53,0.74,6,4,0,0,1,0
1.1,0.625,0.3,0.7,1.4,0.0,0.23,67.12,2934480002932.8,70,70,1,30,5,0,0,0,0,120.0,0.0243,2450,2.3219,6,0.3594,0.7,0.0078,0.0,0.46,0.71,6,4,1,0,0,0
0.22,0.113,1.0,0.0,0.0,0.0,0.0,109.48,1725413335056.47,70,50,0,0,0,1,0,4,0,180.0,0.0219,1750,2.3219,2,0.0674,1.0,0.0003,0.0,0.0,0.0,0,0,1,0,0,0
2,0.267,0.63,0.37,0.6,0.0,0.0,103.12,2142200002141.0,90,90,0,0,0,1,0,6,0,180.0,0.0454,4050,2.3219,2,0.044,0.0,0.0,1.0,0.51,0.5,12,6,1,0,0,0
0.22,0.113,0.03,0.9,3.07,0.07,0.73,103.48,5443413338774.47,90,70,0,0,0,1,20,4,0,293.0233,0.0327,3150,2.3219,14,0.2646,0.4,0.012,0.0,0.62,0.66,9,6,1,0,0,0
0.22,0.113,0.43,0.57,0.73,0.0,0.0,65.61,1367586668033.53,70,50,1,30,4,0,0,0,0,240.0,0.0155,1750,2.3219,4,0.4634,0.8,0.009,0.0,0.57,0.57,6,3,1,0,0,0
1.1,0.625,0.33,0.67,6.67,0.0,0.27,101.88,1854883335187.17,50,90,1,30,3,0,0,0,0,180.0,0.0171,2250,2.3219,3,0.5447,1.0,0.0137,0.0,0.42,0.57,6,3,0,0,1,0
1.1,0.625,0.37,0.63,4.9,0.0,0.17,115.48,1961653335291.87,90,70,1,70,4,0,0,0,0,240.0,0.033,3150,2.3219,6,0.2784,0.5,0.0089,0.0,0.82,0.69,3,2,0,0,1,0
0.22,0.113,1.0,0.0,0.0,0.0,0.0,119.89,2051773335383.07,70,70,0,0,0,1,0,4,0,180.0,0.0295,2450,2.3219,2,0.0563,0.0,0.0,1.0,0.0,0.0,0,0,1,0,0,0
0.22,0.113,0.03,0.83,1.7,0.13,0.7,91.09,5664240005663.4,90,90,1,70,4,0,0,0,0,240.0,0.0366,4050,2.3219,11,0.3807,0.5,0.0113,0.0,0.45,0.69,4,3,1,0,0,0
2,0.267,0.33,0.53,1.43,0.13,0.3,176.62,3495896670161.63,70,70,1,70,3,0,0,0,0,227.3684,0.0261,2450,2.3219,17,0.3486,0.6,0.0092,0.0,0.31,0.54,3,2,0,0,1,0
0.22,0.113,0.73,0.27,0.37,0.0,0.0,99.52,795466667460.33,50,50,1,30,5,0,0,0,0,360.0,0.0131,1250,2.3219,1,0.3516,0.0,0.0,1.0,0.43,0.49,4,2,0,1,0,0
1.1,0.625,0.53,0.47,1.5,0.0,0.0,108.85,1331746667996.13,70,70,1,30,5,0,0,0,0,90.0,0.0206,2450,2.3219,4,0.4553,1.0,0.0049,0.0,0.69,0.58,9,5,0,1,0,0
1.1,0.625,0.8,0.13,0.23,0.07,0.0,126.07,1391853334723.87,70,70,1,70,5,0,0,0,0,180.0,0.0248,2450,2.3219,4,0.2953,1.0,0.0056,0.0,0.0,0.0,0,0,0,1,0,0
2,0.267,0.63,0.27,0.4,0.1,0.03,172.89,1965173335297.07,90,90,1,30,3,0,0,0,0,180.0,0.0221,4050,2.3219,2,0.6669,1.0,0.0001,0.0,0.0,0.0,0,0,0,1,0,0
2,0.267,0.79,0.21,0.31,0.0,0.0,73.73,522962069487.21,50,50,1,15,4,0,0,0,0,180.0,0.0092,1250,2.3219,2,0.6148,1.0,0.0002,0.0,0.41,0.44,2,1,0,1,0,0
1.1,0.625,0.63,0.37,0.47,0.0,0.0,37.51,619933333952.67,50,50,1,15,5,0,0,0,0,180.0,0.0097,1250,2.3219,2,0.5648,0.0,0.0,1.0,0.53,0.63,4,3,0,1,0,0
1.1,0.625,0.21,0.79,3.38,0.0,0.17,99.51,2716675864783.66,70,70,1,15,3,0,0,0,0,180.0,0.0135,2450,2.3219,2,0.6935,1.0,0.0003,0.0,0.47,0.45,3,1,0,1,0,0
2,0.267,0.93,0.07,0.07,0.0,0.0,156.06,995850000994.5,70,70,1,70,5,0,0,0,0,288.0,0.0267,2450,2.3219,6,0.2388,0.3,0.0108,0.0,0.67,0.68,3,2,0,1,0,0
2,0.267,0.48,0.52,1.55,0.0,0.03,23.3,671820690324.76,90,90,1,15,3,0,0,0,0,180.0,0.0174,4050,2.3219,2,0.758,0.0,0.0,1.0,0.55,0.58,8,5,0,1,0,0
0.22,0.113,0.27,0.7,1.17,0.03,0.03,122.98,1847746668512.13,90,90,1,45,3,0,0,0,0,120.0,0.0269,4050,2.3219,4,0.584,0.5,0.0043,0.0,0.49,0.49,12,6,0,1,0,0
1.1,0.625,0.43,0.57,1.9,0.0,0.07,76.0,1425800001424.0,70,70,1,15,5,0,0,0,0,180.0,0.0174,2450,2.3219,2,0.5753,0.0,0.0,1.0,0.58,0.54,6,3,0,0,1,0
0.22,0.113,1.0,0.0,0.0,0.0,0.0,27.88,578755172990.66,50,50,1,30,4,0,0,0,0,120.0,0.0129,1250,2.3219,5,0.3924,0.6,0.0061,0.0,0.0,0.0,0,0,0,1,0,0
0.22,0.113,0.57,0.43,0.63,0.0,0.0,146.85,1807133335138.67,90,90,1,15,4,0,0,0,0,180.0,0.021,4050,2.3219,2,0.6831,0.0,0.0,1.0,0.67,0.49,8,4,0,1,0,0
1.1,0.625,0.57,0.43,0.67,0.0,0.0,69.83,806860000805.6,50,50,1,70,3,0,0,0,0,180.0,0.0154,1250,2.3219,5,0.2952,0.6,0.0081,0.0,0.83,0.56,2,1,0,1,0,0
2,0.267,0.7,0.3,0.47,0.0,0.0,91.74,679560000678.6,50,50,1,45,4,0,0,0,0,180.0,0.0142,1250,2.3219,2,0.3416,0.0,0.0,1.0,0.53,0.45,6,3,0,1,0,0
1.1,0.625,0.37,0.6,1.37,0.03,0.43,59.99,3574673336908.07,70,70,1,15,3,0,0,0,0,120.0,0.0158,2450,2.3219,3,0.6435,1.0,0.0031,0.0,0.0,0.0,0,0,0,1,0,0
0.22,0.113,0.87,0.13,0.13,0.0,0.0,34.03,549160000547.6,50,50,1,30,3,0,0,0,0,120.0,0.0126,1250,2.3219,3,0.4216,1.0,0.007,0.0,0.83,0.4,4,2,0,1,0,0
1.1,0.625,0.55,0.45,1.21,0.0,0.0,39.52,874258621561.9,50,50,1,30,3,0,0,0,0,102.8571,0.0132,1250,2.3219,7,0.408,0.6,0.0079,0.0,0.47,0.66,6,4,0,1,0,0
0.22,0.113,0.97,0.03,0.03,0.0,0.0,121.92,1674586668340.53,90,90,1,70,5,0,0,0,0,270.0,0.0409,4050,2.3219,7,0.2579,0.4,0.0083,0.0,0.63,0.43,4,2,0,1,0,0
1.1,0.625,0.67,0.27,0.4,0.07,0.0,89.33,1619586668285.53,70,70,1,30,4,0,0,0,0,144.0,0.0222,2450,2.3219,4,0.4341,0.8,0.0064,0.0,0.0,0.0,0,0,0,1,0,0
1.1,0.625,0.43,0.57,1.87,0.0,0.1,92.16,1728613335061.47,70,70,1,15,4,0,0,0,0,205.7143,0.0179,2450,2.3219,5,0.5586,0.4,0.0077,0.0,0.55,0.6,6,4,0,1,0,0
2,0.267,0.45,0.48,0.86,0.07,0.17,58.54,2719106899269.0,50,50,1,30,3,0,0,0,0,90.0,0.0114,1250,2.3219,4,0.506,1.0,0.0033,0.0,0.71,0.77,2,2,0,0,1,0
0.22,0.113,0.57,0.43,0.63,0.0,0.03,101.15,1227776667892.43,90,90,1,15,3,0,0,0,0,180.0,0.0166,4050,2.3219,3,0.7717,0.7,0.0014,0.0,0.66,0.65,4,3,0,1,0,0
2,0.267,0.63,0.37,0.6,0.0,0.0,157.35,1224273334557.07,70,70,1,45,3,0,0,0,0,308.5714,0.0194,2450,2.3219,3,0.5261,0.7,0.0075,0.0,0.46,0.69,3,2,0,1,0,0
0.22,0.113,0.74,0.26,0.3,0.0,0.04,50.88,756177778532.89,70,70,1,30,3,0,0,0,0,180.0,0.0174,2450,2.3219,2,0.5829,1.0,0.0003,0.0,0.61,0.79,3,2,0,1,0,0
0.22,0.113,0.87,0.13,0.23,0.0,0.0,54.23,939796667604.63,90,90,1,45,4,0,0,0,0,300.0,0.0316,4050,2.3219,9,0.479,0.7,0.0115,0.0,0.48,0.76,4,3,0,1,0,0
2,0.267,0.5,0.5,1.1,0.0,0.03,174.56,1920736668585.03,90,90,1,15,4,0,0,0,0,180.0,0.0185,4050,2.3219,2,0.7291,1.0,0.0002,0.0,0.44,0.54,8,4,0,1,0,0
0.22,0.113,0.2,0.77,21.0,0.03,0.4,362.86,4044146670709.13,70,70,1,45,3,0,0,0,0,180.0,0.019,2450,2.3219,12,0.5482,0.5,0.0091,0.0,0.6,0.31,3,1,0,0,1,0
1.1,0.625,0.21,0.79,5.48,0.0,0.45,159.79,3934303452208.55,90,90,1,30,3,0,0,0,0,180.0,0.024,4050,2.3219,2,0.6317,1.0,0.0147,0.0,0.59,0.55,12,7,0,1,0,0
0.22,0.113,1.0,0.0,0.0,0.0,0.0,32.97,629120000627.2,50,50,1,70,3,0,0,0,0,120.0,0.016,1250,2.3219,4,0.2644,0.8,0.0072,0.0,0.0,0.0,0,0,0,1,0,0
2,0.267,0.39,0.57,1.86,0.04,0.36,272.85,3292257146147.21,70,70,1,15,4,0,0,0,0,180.0,0.0162,2450,2.3219,3,0.6135,1.0,0.0046,0.0,0.58,0.67,6,4,0,0,1,0
0.22,0.113,0.8,0.2,0.27,0.0,0.0,73.93,776376667440.43,50,50,1,70,3,0,0,0,0,144.0,0.0158,1250,2.3219,6,0.2524,0.5,0.008,0.0,0.35,0.49,6,3,0,1,0,0
0.22,0.113,0.9,0.1,0.17,0.0,0.0,47.16,606146667271.13,50,50,1,45,3,0,0,0,0,240.0,0.0144,1250,2.3219,7,0.3556,0.4,0.0221,0.0,0.71,0.37,6,2,0,1,0,0
1.1,0.625,0.62,0.38,0.45,0.0,0.0,58.41,597710345423.31,50,50,1,30,5,0,0,0,0,180.0,0.0146,1250,2.3219,2,0.2888,0.0,0.0,1.0,0.49,0.39,4,2,0,1,0,0
2,0.267,0.67,0.33,0.53,0.0,0.07,133.28,1324186667989.53,70,70,1,15,5,0,0,0,0,180.0,0.0197,2450,2.3219,4,0.5035,1.0,0.0103,0.0,0.0,0.0,0,0,0,1,0,0
2,0.267,0.17,0.63,1.6,0.2,0.4,350.32,4619053337949.87,50,50,1,30,5,0,0,0,0,240.0,0.0148,1250,2.3219,3,0.2732,0.0,0.0053,0.0,0.59,0.69,4,3,0,0,1,0
2,0.267,0.67,0.33,0.57,0.0,0.0,187.81,1271626667937.93,90,90,1,45,4,0,0,0,0,308.5714,0.0333,4050,2.3219,5,0.4468,0.2,0.0096,0.0,0.67,0.44,4,2,0,1,0,0
2,0.267,0.79,0.17,0.45,0.03,0.0,32.88,471541379780.24,50,50,1,15,3,0,0,0,0,180.0,0.0095,1250,2.3219,2,0.6168,0.0,0.0,1.0,0.35,0.44,2,1,0,0,1,0
1.1,0.625,0.5,0.5,3.03,0.0,0.03,99.64,1169480001167.8,70,70,1,45,4,0,0,0,0,90.0,0.0257,2450,2.3219,6,0.3402,0.3,0.0063,0.0,0.56,0.54,9,5,0,0,1,0
2,0.267,0.31,0.69,1.41,0.0,0.03,110.7,1130786208025.1,70,70,1,30,3,0,0,0,0,360.0,0.0197,2450,2.3219,2,0.52,1.0,0.0109,0.0,0.6,0.65,9,6,0,1,0,0
0.22,0.113,0.45,0.55,0.79,0.0,0.0,113.66,1514786208410.97,70,70,1,15,5,0,0,0,0,120.0,0.0191,2450,2.3219,6,0.5261,0.7,0.009,0.0,0.59,0.65,9,6,0,1,0,0
1.1,0.625,0.34,0.66,2.21,0.0,0.1,45.4,1615306898165.14,70,70,1,30,3,0,0,0,0,360.0,0.0183,2450,2.3219,3,0.5545,0.3,0.012,0.0,0.59,0.5,9,5,0,1,0,0
0.22,0.113,0.87,0.13,0.17,0.0,0.0,56.32,583153333914.87,50,50,1,45,4,0,0,0,0,180.0,0.0138,1250,2.3219,3,0.3416,1.0,0.0042,0.0,0.39,0.65,4,3,0,1,0,0
1.1,0.625,0.47,0.5,4.0,0.03,0.03,165.26,1668146668333.13,90,90,1,70,5,0,0,0,0,135.0,0.0371,4050,2.3219,10,0.3289,0.5,0.0086,0.0,0.66,0.56,4,2,0,0,1,0
2,0.267,0.47,0.0,0.0,0.53,0.0,47.54,3925850003924.5,50,50,1,30,3,0,0,0,0,360.0,0.0122,1250,2.3219,2,0.4564,1.0,0.0116,0.0,0.0,0.0,0,0,0,0,1,0
0.22,0.113,0.8,0.17,9.37,0.03,0.1,156.32,1513796668178.63,70,70,1,30,5,0,0,0,0,360.0,0.0208,2450,2.3219,2,0.4378,1.0,0.0085,0.0,0.0,0.0,0,0,0,0,1,0
2,0.267,0.2,0.47,1.07,0.33,0.33,324.82,5012020005009.2,90,90,1,15,5,0,0,0,0,180.0,0.0261,4050,2.3219,2,0.5837,0.0,0.0,1.0,0.66,0.64,4,3,0,0,1,0
0.22,0.113,0.6,0.4,0.57,0.0,0.0,125.05,1634120001632.2,90,90,1,70,5,0,0,0,0,144.0,0.0375,4050,2.3219,8,0.3285,0.5,0.01,0.0,0.47,0.57,12,7,0,1,0,0
0.22,0.113,0.07,0.93,39.93,0.0,0.43,464.17,3803426670467.93,50,50,1,15,3,0,0,0,0,90.0,0.0114,1250,2.3219,4,0.5188,0.5,0.0073,0.0,0.52,0.65,6,4,0,0,1,0
2,0.267,0.3,0.0,0.0,0.7,0.0,50.0,4644326671307.93,70,70,1,30,3,0,0,0,0,180.0,0.0201,2450,2.3219,2,0.519,0.0,0.0,1.0,0.0,0.0,0,0,0,0,1,0
1.1,0.625,0.17,0.83,3.0,0.0,0.2,218.2,2356130002354.3,70,70,1,15,4,0,0,0,0,180.0,0.0178,2450,2.3219,2,0.5696,1.0,0.0001,0.0,0.5,0.6,6,4,0,0,1,0
1.1,0.625,0.5,0.5,1.53,0.0,0.07,48.57,1599786668264.53,90,90,1,45,3,0,0,0,0,144.0,0.0297,4050,2.3219,8,0.5442,0.6,0.0082,0.0,0.39,0.48,4,2,0,1,0,0
2,0.267,0.97,0.03,0.03,0.0,0.0,144.15,891143334222.77,70,70,1,45,5,0,0,0,0,180.0,0.0247,2450,2.3219,2,0.3255,0.0,0.0,1.0,0.0,0.0,0,0,0,1,0,0
2,0.267,0.48,0.52,0.97,0.0,0.03,144.59,1280482759899.31,70,70,1,15,3,0,0,0,0,360.0,0.0143,2450,2.3219,1,0.6835,0.0,0.0,1.0,0.57,0.49,3,1,0,1,0,0
2,0.267,0.5,0.5,0.8,0.0,0.03,223.42,1593906668259.73,90,90,1,70,5,0,0,0,0,216.0,0.0378,4050,2.3219,6,0.3457,0.3,0.0064,0.0,0.52,0.54,12,6,0,1,0,0
1.1,0.625,0.83,0.17,0.17,0.0,0.03,127.89,981790000979.9,50,50,1,70,5,0,0,0,0,180.0,0.0153,1250,2.3219,2,0.2464,0.0,0.0,1.0,0.55,0.38,2,1,0,1,0,0
1.1,0.625,0.53,0.4,0.93,0.07,0.13,230.39,2650800002649.0,90,90,1,70,4,0,0,0,0,303.1579,0.0357,4050,2.3219,11,0.3923,0.6,0.0101,0.0,0.0,0.0,0,0,0,1,0,0
2,0.267,1.0,0.0,0.0,0.0,0.0,24.37,170800000178.0,50,50,1,45,3,0,0,0,0,180.0,0.0134,1250,2.3219,6,0.3768,0.3,0.0059,0.0,0.78,0.53,4,2,0,0,1,0
0.22,0.113,0.63,0.37,0.5,0.0,0.0,71.72,1057783334389.17,70,70,1,30,3,0,0,0,0,120.0,0.0163,2450,2.3219,6,0.601,0.3,0.0069,0.0,0.78,0.47,9,4,0,1,0,0
2,0.267,0.5,0.5,0.8,0.0,0.13,184.01,2140720002141.2,70,70,1,15,4,0,0,0,0,180.0,0.0159,2450,2.3219,2,0.6151,1.0,0.0001,0.0,0.51,0.6,3,2,0,1,0,0
1.1,0.625,0.43,0.57,2.03,0.0,0.07,151.76,1240810001239.1,90,90,1,45,5,0,0,0,0,266.6667,0.0375,4050,2.3219,12,0.3383,0.3,0.0118,0.0,0.62,0.51,12,6,0,0,1,0
2,0.267,0.47,0.53,1.87,0.0,0.03,188.21,1628506668293.73,90,90,1,15,3,0,0,0,0,216.0,0.0186,4050,2.3219,4,0.7364,0.2,0.0227,0.0,0.47,0.65,8,5,0,1,0,0
1.1,0.625,0.63,0.37,0.5,0.0,0.0,53.76,651853333983.87,70,70,1,45,4,0,0,0,0,180.0,0.0217,2450,2.3219,4,0.4439,0.8,0.0066,0.0,0.51,0.39,6,2,0,0,1,0
0.22,0.113,0.37,0.6,59.87,0.03,0.53,460.25,3935933337268.67,90,90,1,30,5,0,0,0,0,180.0,0.0293,4050,2.3219,2,0.5121,0.0,0.0,1.0,0.0,0.0,0,0,0,0,1,0
2,0.267,0.57,0.43,0.5,0.0,0.0,66.49,536453333867.87,50,50,1,70,4,0,0,0,0,360.0,0.0144,1250,2.3219,1,0.3208,0.0,0.0,1.0,0.65,0.68,6,4,0,1,0,0
1.1,0.625,0.41,0.59,0.97,0.0,0.0,49.51,824013793926.34,50,50,1,45,3,0,0,0,0,216.0,0.0138,1250,2.3219,6,0.3696,0.5,0.0657,0.0001,0.44,0.51,6,3,0,1,0,0
0.22,0.113,0.79,0.21,0.24,0.0,0.0,71.46,1027944828611.17,70,70,1,45,3,0,0,0,0,240.0,0.0206,2450,2.3219,3,0.4929,1.0,0.0076,0.0,0.65,0.62,6,4,0,1,0,0
2,0.267,0.87,0.13,0.13,0.0,0.0,118.13,732880000731.8,50,50,1,45,4,0,0,0,0,240.0,0.0145,1250,2.3219,5,0.316,0.6,0.0125,0.0,0.58,0.39,2,1,0,1,0,0
2,0.267,0.6,0.4,0.53,0.0,0.0,95.85,731493334063.27,70,70,1,30,4,0,0,0,0,225.0,0.021,2450,2.3219,8,0.4465,0.6,0.0701,0.0002,0.42,0.82,6,5,0,1,0,0
1.1,0.625,0.48,0.52,3.11,0.0,0.26,93.76,2099851853950.37,70,70,1,15,5,0,0,0,0,360.0,0.0189,2450,2.3219,1,0.539,0.0,0.0,1.0,0.76,0.68,3,2,0,0,1,0
1.1,0.625,0.5,0.18,1.93,0.32,0.07,73.91,2903789288616.82,90,90,1,30,3,0,0,0,0,300.0,0.0267,4050,2.3219,7,0.5937,0.6,0.0108,0.0,0.0,0.0,0,0,0,0,1,0
1.1,0.625,0.3,0.6,2.47,0.1,0.03,101.05,1502466668167.33,90,90,1,70,4,0,0,0,0,180.0,0.0332,4050,2.3219,5,0.4547,0.8,0.0107,0.0,0.43,0.66,4,3,0,0,1,0
2,0.267,0.3,0.7,1.97,0.0,0.07,231.88,2302380002299.8,90,90,1,15,5,0,0,0,0,120.0,0.026,4050,2.3219,4,0.5881,1.0,0.0081,0.0,0.58,0.66,8,5,0,1,0,0
1.1,0.625,0.6,0.4,0.7,0.0,0.0,75.77,1008470001006.7,50,50,1,45,5,0,0,0,0,360.0,0.0155,1250,2.3219,1,0.24,0.0,0.0,1.0,0.48,0.4,6,2,0,1,0,0
1.1,0.625,0.52,0.48,1.31,0.0,0.1,33.66,1425658622113.48,70,70,1,30,3,0,0,0,0,240.0,0.0181,2450,2.3219,2,0.578,1.0,0.0084,0.0,0.69,0.59,6,4,0,1,0,0
0.22,0.113,0.62,0.38,0.55,0.0,0.0,39.91,509103448783.1,50,50,1,45,3,0,0,0,0,144.0,0.0135,1250,2.3219,5,0.3908,0.2,0.0111,0.0,0.56,0.62,6,4,0,1,0,0
2,0.267,0.73,0.27,0.4,0.0,0.03,90.74,1024390001024.9,70,70,1,30,3,0,0,0,0,288.0,0.0182,2450,2.3219,7,0.5561,0.4,0.0115,0.0,0.48,0.42,3,1,0,1,0,0
0.22,0.113,0.57,0.43,0.8,0.0,0.0,75.32,1199006667862.73,90,90,1,15,5,0,0,0,0,360.0,0.0215,4050,2.3219,1,0.6702,0.0,0.0,1.0,0.53,0.65,12,8,0,1,0,0
1.1,0.625,0.57,0.43,0.57,0.0,0.0,86.98,909513334241.47,50,50,1,70,5,0,0,0,0,180.0,0.0161,1250,2.3219,2,0.2024,0.0,0.0,1.0,0.52,0.43,6,3,0,1,0,0
1.1,0.625,0.21,0.79,3.93,0.0,0.07,95.4,2280106898829.69,70,70,1,15,3,0,0,0,0,180.0,0.0137,2450,2.3219,3,0.6818,0.7,0.0054,0.0,0.46,0.51,9,5,0,1,0,0
0.22,0.113,0.47,0.53,1.07,0.0,0.07,132.66,1821526668486.93,70,70,1,45,3,0,0,0,0,249.2308,0.0211,2450,2.3219,6,0.4804,0.7,0.0095,0.0,0.43,0.62,9,6,0,1,0,0
2,0.267,0.63,0.33,0.53,0.03,0.03,153.95,1645026668308.93,70,70,1,45,5,0,0,0,0,360.0,0.0235,2450,2.3219,2,0.3673,1.0,0.006,0.0,0.45,0.6,9,5,0,1,0,0
2,0.267,0.5,0.5,0.93,0.0,0.13,121.15,1484866668150.33,70,70,1,30,4,0,0,0,0,90.0,0.0201,2450,2.3219,4,0.5049,0.5,0.0052,0.0,0.35,0.63,6,4,0,1,0,0
2,0.267,0.87,0.13,0.13,0.0,0.0,104.79,700103334031.37,50,50,1,45,5,0,0,0,0,240.0,0.0157,1250,2.3219,3,0.2548,0.7,0.0037,0.0,0.63,0.52,2,1,0,1,0,0
0.22,0.113,1.0,0.0,0.0,0.0,0.0,27.19,617910345442.21,50,50,1,30,5,0,0,0,0,180.0,0.0153,1250,2.3219,2,0.2568,0.0,0.0,1.0,0.0,0.0,0,0,0,1,0,0
2,0.267,0.7,0.3,0.57,0.0,0.0,197.67,1443573334776.07,90,90,1,30,4,0,0,0,0,180.0,0.0281,4050,2.3219,4,0.5589,1.0,0.0056,0.0,0.74,0.6,8,5,0,1,0,0
2,0.267,0.43,0.57,1.67,0.0,0.0,39.23,821760000819.6,90,90,1,15,3,0,0,0,0,240.0,0.0165,4050,2.3219,3,0.7722,1.0,0.0086,0.0,0.68,0.63,8,5,0,1,0,0
0.22,0.113,0.67,0.33,0.43,0.0,0.03,129.97,1110160001108.6,70,70,1,70,3,0,0,0,0,90.0,0.0242,2450,2.3219,15,0.4027,0.4,0.0118,0.0,0.6,0.55,6,3,0,1,0,0
2,0.267,0.13,0.43,1.27,0.43,0.3,231.25,5150983338481.17,70,70,1,30,5,0,0,0,0,120.0,0.0228,2450,2.3219,3,0.4043,1.0,0.0063,0.0,0.48,0.57,3,2,0,0,1,0
2,0.267,0.77,0.23,0.37,0.0,0.0,188.22,1369373334700.07,90,90,1,45,5,0,0,0,0,144.0,0.0323,4050,2.3219,6,0.437,0.3,0.0093,0.0,0.73,0.49,4,2,0,1,0,0
1.1,0.625,0.67,0.33,0.53,0.0,0.03,114.2,1369213334701.47,70,70,1,70,5,0,0,0,0,180.0,0.0283,2450,2.3219,8,0.2131,0.5,0.0077,0.0,0.56,0.38,3,1,0,1,0,0
1.1,0.625,0.2,0.8,2.57,0.0,0.1,100.74,2205480002203.8,70,70,1,30,5,0,0,0,0,288.0,0.0221,2450,2.3219,5,0.4286,0.4,0.009,0.0,0.41,0.5,9,5,0,1,0,0
2,0.267,0.5,0.5,1.1,0.0,0.0,176.08,1315910001315.1,90,90,1,15,4,0,0,0,0,360.0,0.0219,4050,2.3219,1,0.6717,0.0,0.0,1.0,0.66,0.58,8,5,0,1,0,0
2,0.267,0.47,0.53,1.1,0.0,0.0,158.39,1542546668208.13,70,70,1,45,3,0,0,0,0,60.0,0.0219,2450,2.3219,6,0.4731,0.3,0.0069,0.0,0.59,0.6,9,5,0,1,0,0
2,0.267,0.37,0.63,1.27,0.0,0.03,225.05,2106506668771.73,90,90,1,45,4,0,0,0,0,120.0,0.0333,4050,2.3219,12,0.4373,0.8,0.0104,0.0,0.47,0.63,12,8,0,1,0,0
1.1,0.625,0.43,0.57,1.17,0.0,0.0,30.64,787450000785.5,90,90,1,15,3,0,0,0,0,324.0,0.0211,4050,2.3219,3,0.6889,1.0,0.0142,0.0,0.53,0.68,4,3,0,1,0,0
0.22,0.113,0.83,0.13,0.17,0.03,0.0,86.1,1143596667809.63,70,70,1,45,5,0,0,0,0,120.0,0.0249,2450,2.3219,3,0.3131,0.7,0.0031,0.0,0.47,0.62,3,2,0,1,0,0
0.22,0.113,0.7,0.3,0.37,0.0,0.0,81.04,862496667527.63,70,70,1,15,4,0,0,0,0,360.0,0.0155,2450,2.3219,1,0.6465,0.0,0.0,1.0,0.61,0.44,6,3,0,1,0,0
2,0.267,0.2,0.6,1.47,0.2,0.47,273.5,5061133338392.67,90,90,1,45,4,0,0,0,0,180.0,0.0341,4050,2.3219,9,0.4343,0.3,0.0109,0.0,0.69,0.61,8,5,0,0,1,0
0.22,0.113,0.13,0.87,47.83,0.0,0.57,502.12,4071050004068.5,90,90,1,30,3,0,0,0,0,240.0,0.0258,4050,2.3219,5,0.6016,0.6,0.0074,0.0,0.6,0.57,4,2,0,0,1,0
2,0.267,0.6,0.4,0.77,0.0,0.03,123.47,1223063334553.97,70,70,1,15,5,0,0,0,0,90.0,0.0183,2450,2.3219,4,0.5224,1.0,0.0075,0.0,0.48,0.55,9,5,0,1,0,0
2,0.267,0.03,0.63,2.1,0.33,0.57,199.32,5802573339135.07,70,70,1,70,5,0,0,0,0,180.0,0.027,2450,2.3219,2,0.2349,0.0,0.0,1.0,0.33,0.63,6,4,0,0,1,0
0.22,0.113,0.67,0.33,0.4,0.0,0.03,105.28,1135726667799.93,90,90,1,30,4,0,0,0,0,120.0,0.0261,4050,2.3219,4,0.5853,0.5,0.003,0.0,0.54,0.46,12,6,0,1,0,0
0.22,0.113,0.79,0.21,0.45,0.0,0.0,31.12,413586207308.28,50,50,1,15,3,0,0,0,0,180.0,0.0108,1250,2.3219,2,0.5492,0.0,0.0,1.0,0.58,0.44,4,2,0,1,0,0
1.1,0.625,0.89,0.11,0.14,0.0,0.04,64.02,890082143744.75,50,50,1,15,5,0,0,0,0,180.0,0.0117,1250,2.3219,2,0.4496,0.0,0.0,1.0,0.0,0.0,0,0,0,1,0,0
1.1,0.625,0.27,0.73,2.2,0.0,0.13,89.14,2198746668863.13,90,90,1,45,4,0,0,0,0,120.0,0.0279,4050,2.3219,4,0.5499,0.8,0.0046,0.0,0.62,0.55,12,7,0,1,0,0
2,0.267,0.5,0.27,0.63,0.23,0.13,76.86,3414280003413.8,50,50,1,30,5,0,0,0,0,360.0,0.0148,1250,2.3219,1,0.2936,0.0,0.0,1.0,0.25,0.32,2,1,0,0,1,0
2,0.267,0.07,0.7,3.5,0.23,0.57,382.24,5664840005663.4,90,90,1,70,5,0,0,0,0,225.0,0.0399,4050,2.3219,12,0.282,0.4,0.0096,0.0,0.58,0.5,12,6,0,0,1,0
2,0.267,0.7,0.27,0.37,0.03,0.03,273.67,2127663335457.97,90,90,1,15,5,0,0,0,0,360.0,0.0238,4050,2.3219,1,0.6162,0.0,0.0,1.0,0.0,0.0,0,0,0,1,0,0
0.22,0.113,0.79,0.21,0.24,0.0,0.0,111.45,1331572415123.31,90,90,1,70,4,0,0,0,0,216.0,0.0378,4050,2.3219,12,0.3537,0.7,0.0102,0.0,0.56,0.66,8,5,0,1,0,0
2,0.267,0.4,0.6,1.3,0.0,0.0,135.66,1119373334450.07,90,90,1,15,4,0,0,0,0,288.0,0.0185,4050,2.3219,3,0.7252,0.0,0.0119,0.0,0.74,0.52,12,6,0,1,0,0
1.1,0.625,1.0,0.0,0.0,0.0,0.0,103.53,791546667457.13,50,50,1,70,5,0,0,0,0,180.0,0.015,1250,2.3219,2,0.2568,0.0,0.0,1.0,0.0,0.0,0,0,0,1,0,0
0.22,0.113,0.8,0.2,0.23,0.0,0.0,47.78,758200000757.0,50,50,1,45,3,0,0,0,0,360.0,0.015,1250,2.3219,5,0.2932,0.8,0.0107,0.0,0.74,0.57,6,3,0,1,0,0
0.22,0.113,0.9,0.1,2.59,0.0,0.03,75.1,633917242011.24,50,50,1,45,4,0,0,0,0,180.0,0.0155,1250,2.3219,5,0.2488,0.4,0.0095,0.0,0.0,0.0,0,0,0,0,1,0
2,0.267,0.55,0.45,0.62,0.0,0.0,104.38,834993104281.66,70,70,1,70,5,0,0,0,0,240.0,0.0273,2450,2.3219,4,0.2337,0.8,0.0061,0.0,0.46,0.75,9,7,0,1,0,0
2,0.267,0.13,0.67,1.77,0.2,0.53,272.7,5089650005089.5,90,90,1,70,3,0,0,0,0,144.0,0.0307,4050,2.3219,7,0.5186,0.9,0.0088,0.0,0.56,0.54,12,6,0,0,1,0
1.1,0.625,0.4,0.47,0.97,0.13,0.1,106.91,2724393336055.27,90,90,1,30,5,0,0,0,0,360.0,0.0286,4050,2.3219,2,0.5296,1.0,0.0107,0.0,0.0,0.0,0,0,0,1,0,0
0.22,0.113,0.67,0.33,0.43,0.0,0.0,91.05,1034493334366.27,70,70,1,15,4,0,0,0,0,180.0,0.0185,2450,2.3219,2,0.5557,1.0,0.0001,0.0,0.45,0.45,6,3,0,1,0,0
1.1,0.625,1.0,0.0,0.0,0.0,0.0,8.3,70000000070.0,70,70,1,45,3,0,0,0,0,180.0,0.0206,2450,2.3219,3,0.5163,0.3,0.0073,0.0,0.34,0.48,3,1,0,0,1,0
2,0.267,0.37,0.63,1.43,0.0,0.07,212.34,1891960001891.6,90,90,1,15,4,0,0,0,0,360.0,0.0197,4050,2.3219,2,0.7046,1.0,0.0028,0.0,0.61,0.62,12,7,0,1,0,0
2,0.267,0.73,0.27,0.37,0.0,0.0,107.8,723053334053.87,70,70,1,15,5,0,0,0,0,360.0,0.0158,2450,2.3219,1,0.6071,0.0,0.0,1.0,0.68,0.59,6,4,0,1,0,0
1.1,0.625,0.33,0.63,1.77,0.03,0.07,93.22,2897773336229.07,90,90,1,30,3,0,0,0,0,180.0,0.0259,4050,2.3219,2,0.6107,0.0,0.0,1.0,0.65,0.63,4,3,0,1,0,0
0.22,0.113,0.79,0.17,0.24,0.03,0.0,93.55,921927587127.55,70,70,1,70,4,0,0,0,0,360.0,0.0235,2450,2.3219,2,0.3616,1.0,0.004,0.0,0.56,0.6,6,4,0,1,0,0
2,0.267,0.63,0.37,0.6,0.0,0.0,86.26,913156667578.23,50,50,1,45,3,0,0,0,0,120.0,0.0139,1250,2.3219,7,0.3492,0.6,0.0079,0.0,0.49,0.38,6,2,0,1,0,0
0.22,0.113,0.73,0.27,0.5,0.0,0.0,107.14,1349066668013.33,90,90,1,70,5,0,0,0,0,180.0,0.0401,4050,2.3219,10,0.2912,0.4,0.0084,0.0,0.69,0.67,8,5,0,1,0,0
1.1,0.625,0.37,0.6,1.8,0.03,0.1,167.47,1696920001696.2,70,70,1,45,4,0,0,0,0,360.0,0.0226,2450,2.3219,1,0.4316,0.0,0.0,1.0,0.7,0.45,6,3,0,0,1,0
2,0.267,0.6,0.4,0.67,0.0,0.0,151.7,1120480001118.8,90,90,1,45,3,0,0,0,0,288.0,0.0304,4050,2.3219,8,0.5351,0.8,0.0096,0.0,0.53,0.35,8,3,0,1,0,0
2,0.267,0.62,0.38,0.69,0.0,0.03,141.66,1365227587569.52,70,70,1,70,3,0,0,0,0,216.0,0.0251,2450,2.3219,5,0.3676,0.6,0.0102,0.0,0.93,0.6,3,2,0,1,0,0
1.1,0.625,0.3,0.7,2.9,0.0,0.13,97.57,2940480002938.8,70,70,1,70,3,0,0,0,0,80.0,0.0267,2450,2.3219,17,0.3253,0.6,0.0118,0.0,0.46,0.7,6,4,0,1,0,0
2,0.267,0.73,0.27,0.43,0.0,0.03,182.73,1701510001700.1,90,90,1,15,5,0,0,0,0,180.0,0.023,4050,2.3219,2,0.6486,0.0,0.0,1.0,0.0,0.0,0,0,0,1,0,0
0.22,0.113,0.76,0.17,0.17,0.07,0.0,48.51,946520690601.41,50,50,1,30,3,0,0,0,0,360.0,0.0117,1250,2.3219,3,0.4996,0.7,0.0095,0.0,0.66,0.39,4,2,0,1,0,0
0.22,0.113,0.6,0.4,0.77,0.0,0.0,106.09,1322240001321.4,90,90,1,30,5,0,0,0,0,90.0,0.0303,4050,2.3219,4,0.4986,1.0,0.0072,0.0,0.42,0.62,12,7,0,1,0,0
0.22,0.113,0.69,0.31,0.45,0.0,0.0,73.75,981613794084.07,70,70,1,30,5,0,0,0,0,360.0,0.0209,2450,2.3219,1,0.4533,0.0,0.0,1.0,0.66,0.54,6,3,0,1,0,0
1.1,0.625,1.0,0.0,0.0,0.0,0.0,4.23,120400000124.0,70,70,1,15,4,0,0,0,0,180.0,0.0142,2450,2.3219,3,0.6529,0.7,0.0047,0.0,0.0,0.0,0,0,0,0,1,0
2,0.267,0.53,0.47,0.9,0.0,0.0,83.98,739396667403.63,50,50,1,30,3,0,0,0,0,72.0,0.013,1250,2.3219,6,0.4116,0.5,0.0086,0.0,0.67,0.49,6,3,0,1,0,0
2,0.267,0.3,0.7,1.53,0.0,0.07,284.96,2257200002256.0,90,90,1,45,3,0,0,0,0,211.7647,0.0309,4050,2.3219,11,0.5046,0.5,0.0117,0.0,0.54,0.43,12,5,0,1,0,0
1.1,0.625,0.14,0.83,3.72,0.03,0.48,98.34,4199510349025.79,90,90,1,45,3,0,0,0,0,240.0,0.0308,4050,2.3219,4,0.5314,0.5,0.0041,0.0,0.53,0.48,8,4,0,1,0,0
2,0.267,0.83,0.17,0.23,0.0,0.0,91.09,725390000722.9,50,50,1,70,4,0,0,0,0,180.0,0.0156,1250,2.3219,2,0.2244,0.0,0.0,1.0,0.54,0.81,2,2,0,1,0,0
1.1,0.625,1.0,0.0,0.0,0.0,0.0,4.52,100800000108.0,50,50,1,15,3,0,0,0,0,180.0,0.0096,1250,2.3219,2,0.5928,0.0,0.0,1.0,0.0,0.0,0,0,0,0,1,0
0.22,0.113,0.77,0.23,0.33,0.0,0.0,38.14,716170000714.7,50,50,1,45,5,0,0,0,0,180.0,0.0144,1250,2.3219,2,0.2632,0.0,0.0,1.0,0.59,0.53,6,3,0,1,0,0
0.22,0.113,0.79,0.21,0.24,0.0,0.0,125.39,1216386208111.45,90,90,1,15,4,0,0,0,0,180.0,0.0196,4050,2.3219,2,0.7073,1.0,0.0001,0.0,0.39,0.36,4,1,0,1,0,0
0.22,0.113,0.66,0.34,0.45,0.0,0.0,96.09,1728631036208.38,90,90,1,45,3,0,0,0,0,102.8571,0.029,4050,2.3219,6,0.5531,0.3,0.0062,0.0,0.49,0.61,4,2,0,1,0,0
1.1,0.625,0.3,0.67,2.47,0.03,0.43,113.15,3339760003337.6,70,70,1,45,3,0,0,0,0,257.1429,0.0215,2450,2.3219,8,0.4627,0.5,0.0113,0.0,0.54,0.43,3,1,0,0,1,0
0.22,0.113,0.57,0.43,0.67,0.0,0.0,63.09,695876667361.43,50,50,1,15,4,0,0,0,0,240.0,0.0113,1250,2.3219,3,0.518,0.7,0.0053,0.0,0.61,0.63,6,4,0,1,0,0
1.1,0.625,0.33,0.67,1.53,0.0,0.03,121.89,2110406668774.73,90,90,1,70,5,0,0,0,0,240.0,0.0385,4050,2.3219,4,0.2922,0.8,0.0245,0.0,0.69,0.53,8,4,0,1,0,0
1.1,0.625,0.47,0.5,0.73,0.03,0.1,105.13,2087186668752.53,90,90,1,45,5,0,0,0,0,240.0,0.0378,4050,2.3219,6,0.3193,0.5,0.0072,0.0,0.48,0.49,8,4,0,1,0,0
0.22,0.113,0.73,0.27,0.3,0.0,0.0,38.77,879266667545.33,70,70,1,70,5,0,0,0,0,180.0,0.027,2450,2.3219,4,0.2329,1.0,0.0108,0.0,0.47,0.65,6,4,0,1,0,0
1.1,0.625,0.4,0.6,1.07,0.0,0.0,88.34,1044246667710.13,50,50,1,30,5,0,0,0,0,180.0,0.0151,1250,2.3219,2,0.2628,1.0,0.0005,0.0,0.62,0.66,6,4,0,1,0,0
1.1,0.625,0.66,0.34,1.28,0.0,0.03,47.77,636096552359.24,50,50,1,15,5,0,0,0,0,180.0,0.0102,1250,2.3219,2,0.5264,1.0,0.0023,0.0,0.57,0.64,4,3,0,0,1,0
1.1,0.625,0.6,0.4,0.67,0.0,0.0,93.88,1163146667828.13,70,70,1,45,5,0,0,0,0,90.0,0.0251,2450,2.3219,4,0.2908,0.5,0.0063,0.0,0.66,0.56,6,3,0,1,0,0
0.22,0.113,0.77,0.23,0.3,0.0,0.0,45.96,479343333809.77,50,50,1,45,3,0,0,0,0,360.0,0.0135,1250,2.3219,3,0.3948,0.3,0.0258,0.0,0.45,0.48,6,3,0,1,0,0
1.1,0.625,0.67,0.33,0.63,0.0,0.0,9.18,152011111261.22,70,70,1,15,3,0,0,0,0,180.0,0.0142,2450,2.3219,2,0.6776,0.0,0.0,1.0,0.66,0.55,3,2,0,1,0,0
0.22,0.113,0.93,0.07,0.07,0.0,0.0,49.3,653556667319.23,50,50,1,70,4,0,0,0,0,180.0,0.0158,1250,2.3219,2,0.2228,0.0,0.0,1.0,0.57,0.5,4,2,0,1,0,0
2,0.267,0.47,0.53,1.23,0.0,0.03,174.52,1649080001646.8,90,90,1,45,3,0,0,0,0,135.0,0.0282,4050,2.3219,8,0.5614,0.5,0.0086,0.0,0.63,0.47,4,2,0,1,0,0
0.22,0.113,1.0,0.0,0.0,0.0,0.0,43.71,548793103995.52,50,50,1,30,4,0,0,0,0,360.0,0.0144,1250,2.3219,2,0.3324,1.0,0.0065,0.0,0.0,0.0,0,0,0,1,0,0
2,0.267,0.47,0.53,1.63,0.0,0.0,142.33,1291800001290.0,90,90,1,15,3,0,0,0,0,180.0,0.0179,4050,2.3219,2,0.7378,0.0,0.0,1.0,0.64,0.41,8,3,0,1,0,0
2,0.267,0.73,0.27,0.37,0.0,0.0,77.43,525480000523.8,50,50,1,30,4,0,0,0,0,90.0,0.0136,1250,2.3219,4,0.3488,1.0,0.0055,0.0,0.52,0.59,6,4,0,1,0,0
1.1,0.625,0.63,0.37,0.4,0.0,0.0,107.36,1106746667771.13,50,50,1,70,5,0,0,0,0,180.0,0.0158,1250,2.3219,2,0.2176,0.0,0.0,1.0,0.76,0.93,2,2,0,1,0,0
1.1,0.625,0.23,0.77,2.13,0.0,0.03,78.44,1572656668239.23,90,90,1,30,4,0,0,0,0,154.2857,0.0262,4050,2.3219,5,0.5762,0.8,0.006,0.0,0.48,0.55,12,7,0,1,0,0
1.1,0.625,0.31,0.69,2.79,0.0,0.24,88.08,2778686209672.72,70,70,1,70,3,0,0,0,0,288.0,0.0261,2450,2.3219,15,0.3441,0.6,0.0102,0.0,0.53,0.4,6,2,0,1,0,0
2,0.267,0.73,0.27,0.4,0.0,0.0,88.0,742853334074.87,50,50,1,45,3,0,0,0,0,288.0,0.0139,1250,2.3219,4,0.364,0.8,0.007,0.0,0.56,0.49,4,2,0,1,0,0
0.22,0.113,0.87,0.13,0.17,0.0,0.0,90.78,743923334076.57,50,50,1,30,5,0,0,0,0,180.0,0.0139,1250,2.3219,2,0.342,0.0,0.0,1.0,0.28,0.42,4,2,0,1,0,0
2,0.267,0.6,0.4,0.77,0.0,0.03,209.8,1659946668326.13,90,90,1,70,4,0,0,0,0,317.6471,0.0359,4050,2.3219,8,0.3844,0.5,0.0624,0.0,0.58,0.55,4,2,0,1,0,0
2,0.267,0.57,0.4,0.47,0.03,0.0,197.89,1632933334965.67,90,90,1,45,5,0,0,0,0,300.0,0.0349,4050,2.3219,6,0.4017,0.5,0.0111,0.0,0.41,0.41,12,5,0,1,0,0
0.22,0.113,0.77,0.23,0.3,0.0,0.0,116.25,1420496668085.63,90,90,1,15,4,0,0,0,0,180.0,0.0219,4050,2.3219,2,0.6535,0.0,0.0,1.0,0.74,0.42,4,2,0,1,0,0
2,0.267,0.73,0.27,0.3,0.0,0.0,87.35,570226667235.93,50,50,1,15,4,0,0,0,0,360.0,0.0133,1250,2.3219,1,0.3888,0.0,0.0,1.0,0.89,0.95,2,2,0,1,0,0
1.1,0.625,0.43,0.5,1.73,0.07,0.13,70.05,2898410002896.1,70,70,1,30,4,0,0,0,0,216.0,0.0215,2450,2.3219,5,0.4559,0.4,0.0082,0.0,0.54,0.38,3,1,0,1,0,0
0.22,0.113,0.43,0.57,1.1,0.0,0.03,78.02,1026120001024.2,90,90,1,30,3,0,0,0,0,216.0,0.023,4050,2.3219,4,0.6525,0.8,0.0108,0.0,0.56,0.51,12,6,0,1,0,0
0.22,0.113,0.97,0.0,0.0,0.03,0.0,134.69,1701806668366.73,90,90,1,70,5,0,0,0,0,257.1429,0.0414,4050,2.3219,8,0.2507,0.6,0.0105,0.0,0.0,0.0,0,0,0,1,0,0
1.1,0.625,0.83,0.17,0.3,0.0,0.0,19.84,197536666863.03,50,50,1,15,4,0,0,0,0,180.0,0.0129,1250,2.3219,3,0.4312,0.0,0.0072,0.0,0.39,0.37,4,1,0,1,0,0
2,0.267,0.47,0.53,0.93,0.0,0.03,140.79,1241536667907.03,70,70,1,30,4,0,0,0,0,180.0,0.0225,2450,2.3219,5,0.4467,0.8,0.0073,0.0,0.45,0.57,9,5,0,1,0,0
2,0.267,0.1,0.8,7.63,0.1,0.7,371.28,5202333338535.67,70,70,1,30,5,0,0,0,0,240.0,0.0219,2450,2.3219,2,0.4171,1.0,0.0082,0.0,0.74,0.55,9,5,0,0,1,0
1.1,0.625,0.23,0.77,4.07,0.0,0.17,131.55,3228580003227.8,90,90,1,30,5,0,0,0,0,270.0,0.0321,4050,2.3219,3,0.4738,0.7,0.0072,0.0,0.56,0.63,8,5,0,1,0,0
0.22,0.113,1.0,0.0,0.0,0.0,0.0,47.58,486120000484.2,50,50,1,15,5,0,0,0,0,180.0,0.0136,1250,2.3219,2,0.3756,0.0,0.0,1.0,0.0,0.0,0,0,0,1,0,0
2,0.267,0.27,0.7,1.73,0.03,0.4,214.69,4092786670757.53,90,90,1,30,4,0,0,0,0,360.0,0.0261,4050,2.3219,2,0.5863,1.0,0.0064,0.0,0.58,0.66,8,5,0,0,1,0
0.22,0.113,0.87,0.13,0.13,0.0,0.0,87.44,1161253334493.87,70,70,1,30,4,0,0,0,0,180.0,0.0203,2450,2.3219,4,0.472,1.0,0.0119,0.0,0.62,0.62,3,2,0,1,0,0
0.22,0.113,0.86,0.1,0.1,0.03,0.0,36.77,665651724801.69,50,50,1,30,5,0,0,0,0,180.0,0.0127,1250,2.3219,2,0.412,0.0,0.0,1.0,0.73,0.39,2,1,0,1,0,0
1.1,0.625,0.6,0.4,0.5,0.0,0.0,123.02,1169573334502.07,70,70,1,70,5,0,0,0,0,180.0,0.0259,2450,2.3219,2,0.2565,0.0,0.0,1.0,0.52,0.45,6,3,0,1,0,0
2,0.267,0.34,0.66,1.28,0.0,0.03,190.73,1780572415572.62,90,90,1,45,4,0,0,0,0,257.1429,0.032,4050,2.3219,9,0.4835,0.7,0.0097,0.0,0.41,0.7,8,6,0,1,0,0
1.1,0.625,0.27,0.7,2.4,0.03,0.3,79.77,3546533336878.67,90,90,1,45,3,0,0,0,0,261.8182,0.0292,4050,2.3219,8,0.5377,0.4,0.0077,0.0,0.59,0.33,4,1,0,1,0,0
0.22,0.113,0.97,0.03,0.03,0.0,0.0,29.63,586568966103.97,50,50,1,45,5,0,0,0,0,180.0,0.0155,1250,2.3219,2,0.22,0.0,0.0,1.0,0.61,0.54,2,1,0,1,0,0
0.22,0.113,0.38,0.62,4.86,0.0,0.03,93.65,719027586923.38,70,70,1,30,3,0,0,0,0,308.5714,0.0164,2450,2.3219,4,0.6129,0.8,0.0126,0.0,0.29,0.55,3,2,0,0,1,0
0.22,0.113,0.7,0.3,3.87,0.0,0.07,95.44,825160000823.6,70,70,1,70,4,0,0,0,0,327.2727,0.0258,2450,2.3219,5,0.3235,0.8,0.0179,0.0,0.49,0.57,3,2,0,0,1,0
0.22,0.113,0.8,0.2,4.07,0.0,0.1,103.64,914493334246.27,50,50,1,30,4,0,0,0,0,180.0,0.0138,1250,2.3219,5,0.352,0.8,0.0084,0.0,0.65,0.5,2,1,0,0,1,0
0.22,0.113,0.43,0.57,4.79,0.0,0.14,138.65,1483042858624.36,70,70,1,45,4,0,0,0,0,308.5714,0.0213,2450,2.3219,6,0.4414,0.8,0.009,0.0,0.0,0.0,0,0,0,0,1,0
0.22,0.113,0.2,0.8,14.83,0.0,0.13,318.74,2482240002481.4,90,90,1,45,4,0,0,0,0,300.0,0.0312,4050,2.3219,6,0.4847,0.7,0.0084,0.0,0.58,0.69,8,5,0,0,1,0
0.22,0.113,0.6,0.4,5.4,0.0,0.07,118.91,951823334283.57,90,90,1,15,3,0,0,0,0,180.0,0.0168,4050,2.3219,2,0.7678,0.0,0.0,1.0,0.0,0.0,0,0,0,0,1,0
0.22,0.113,0.31,0.69,12.31,0.0,0.28,232.87,1880306898428.59,70,70,1,45,3,0,0,0,0,240.0,0.0219,2450,2.3219,7,0.4714,0.7,0.0095,0.0,0.66,0.61,6,4,0,0,1,0
0.22,0.113,0.57,0.43,5.4,0.0,0.07,124.01,1038840001037.4,50,50,1,30,3,0,0,0,0,120.0,0.014,1250,2.3219,8,0.3888,0.5,0.0083,0.0,0.51,0.38,4,2,0,0,1,0
0.22,0.113,0.4,0.6,12.67,0.0,0.23,219.6,1879126668543.93,70,70,1,15,5,0,0,0,0,180.0,0.0195,2450,2.3219,4,0.512,1.0,0.0097,0.0,0.0,0.0,0,0,0,0,1,0
0.22,0.113,0.43,0.57,10.8,0.0,0.07,146.96,1266026667932.93,90,90,1,15,3,0,0,0,0,120.0,0.0168,4050,2.3219,3,0.7569,1.0,0.0063,0.0,0.68,0.88,4,4,0,0,1,0
0.22,0.113,0.43,0.57,3.93,0.0,0.0,88.34,773133334104.67,50,50,1,30,4,0,0,0,0,180.0,0.0138,1250,2.3219,3,0.3592,1.0,0.0052,0.0,0.64,0.51,6,3,0,0,1,0
0.22,0.113,0.47,0.53,6.0,0.0,0.07,138.34,1303863334635.97,90,90,1,70,5,0,0,0,0,360.0,0.0368,4050,2.3219,2,0.3488,1.0,0.0135,0.0,0.59,0.57,12,7,0,0,1,0
0.22,0.113,0.72,0.28,0.34,0.0,0.0,59.79,515355172927.69,70,70,1,70,5,0,0,0,0,360.0,0.0271,2450,2.3219,1,0.25,0.0,0.0,1.0,0.57,0.54,9,5,0,0,1,0
0.22,0.113,0.72,0.28,0.52,0.0,0.0,66.34,405682759024.76,50,50,1,70,4,0,0,0,0,360.0,0.0154,1250,2.3219,1,0.2288,0.0,0.0,1.0,0.51,0.68,6,4,0,0,1,0
0.22,0.113,0.6,0.4,3.9,0.0,0.07,121.07,953866667619.33,90,90,1,45,5,0,0,0,0,270.0,0.0349,4050,2.3219,12,0.3951,0.4,0.0205,0.0,0.35,0.59,4,2,0,0,1,0
0.22,0.113,0.64,0.36,1.57,0.0,0.0,51.76,479532143335.68,50,50,1,45,3,0,0,0,0,60.0,0.0127,1250,2.3219,6,0.404,0.7,0.0091,0.0,0.68,0.26,2,1,0,0,1,0
0.22,0.113,0.03,0.33,0.37,0.63,0.3,12.33,5981660005978.6,70,70,1,30,4,0,0,0,0,332.3077,0.0228,2450,2.3219,4,0.4039,0.8,0.0116,0.0,0.73,0.3,3,1,0,0,1,0
0.22,0.113,0.47,0.53,11.03,0.0,0.2,186.22,1551946668218.13,70,70,1,15,5,0,0,0,0,360.0,0.02,2450,2.3219,1,0.5024,0.0,0.0,1.0,0.47,0.38,6,2,0,0,1,0
0.22,0.113,0.3,0.7,12.7,0.0,0.07,226.99,1889053335219.87,90,90,1,30,5,0,0,0,0,240.0,0.0323,4050,2.3219,3,0.4452,1.0,0.0059,0.0,0.51,0.51,12,6,0,0,1,0
0.22,0.113,0.2,0.8,16.87,0.0,0.27,267.56,2733293336066.27,90,90,1,30,3,0,0,0,0,180.0,0.0218,4050,2.3219,2,0.679,0.0,0.0,1.0,0.39,0.62,8,5,0,0,1,0
0.22,0.113,0.57,0.43,2.57,0.0,0.17,167.09,1651103334982.37,70,70,1,30,5,0,0,0,0,360.0,0.022,2450,2.3219,1,0.4331,0.0,0.0,1.0,0.42,0.66,3,2,0,0,1,0
0.22,0.113,0.81,0.19,0.62,0.0,0.0,39.16,323657692629.65,50,50,1,45,3,0,0,0,0,144.0,0.0135,1250,2.3219,5,0.3952,0.6,0.0075,0.0,0.0,0.0,0,0,0,0,1,0
0.22,0.113,0.23,0.77,20.83,0.0,0.2,314.72,2442746669110.13,90,90,1,30,3,0,0,0,0,180.0,0.0249,4050,2.3219,4,0.639,1.0,0.0088,0.0,0.51,0.57,12,7,0,0,1,0
0.22,0.113,0.6,0.4,1.77,0.0,0.0,74.12,721293334054.27,90,90,1,70,5,0,0,0,0,360.0,0.0406,4050,2.3219,3,0.2712,0.7,0.0083,0.0,0.55,0.71,8,6,0,0,1,0
0.22,0.113,0.79,0.21,1.21,0.0,0.0,53.72,351589655522.79,50,50,1,15,4,0,0,0,0,180.0,0.01,1250,2.3219,2,0.5424,1.0,0.0002,0.0,0.58,0.55,4,2,0,0,1,0
0.22,0.113,0.86,0.14,0.69,0.0,0.0,63.78,531844828116.03,70,70,1,70,5,0,0,0,0,120.0,0.0275,2450,2.3219,4,0.2284,0.5,0.005,0.0,0.0,0.0,0,0,0,0,1,0
0.22,0.113,0.7,0.3,2.07,0.0,0.03,106.63,833106667497.73,90,90,1,70,5,0,0,0,0,333.3333,0.0401,4050,2.3219,7,0.2863,0.6,0.012,0.0,0.0,0.0,0,0,0,0,1,0
0.22,0.113,0.43,0.57,2.21,0.0,0.0,41.32,396528571822.79,70,70,1,15,3,0,0,0,0,360.0,0.0137,2450,2.3219,1,0.6859,0.0,0.0,1.0,0.47,0.48,9,4,0,0,1,0
0.22,0.113,0.4,0.6,26.03,0.0,0.37,292.64,2664890002663.9,90,90,1,15,4,0,0,0,0,360.0,0.0206,4050,2.3219,1,0.6901,0.0,0.0,1.0,0.0,0.0,0,0,0,0,1,0
0.22,0.113,0.9,0.1,0.14,0.0,0.0,29.26,281541379590.24,50,50,1,70,4,0,0,0,0,180.0,0.0151,1250,2.3219,2,0.2472,0.0,0.0,1.0,0.47,0.2,2,0,0,0,1,0
0.22,0.113,0.34,0.66,10.48,0.0,0.14,197.96,1889572415681.93,70,70,1,70,3,0,0,0,0,60.0,0.0238,2450,2.3219,8,0.3867,0.8,0.0079,0.0,0.57,0.5,9,4,0,0,1,0
0.22,0.113,0.23,0.77,20.6,0.0,0.33,298.89,2696170002694.7,70,70,1,45,3,0,0,0,0,300.0,0.0228,2450,2.3219,10,0.4496,0.3,0.0322,0.0001,0.0,0.0,0,0,0,0,1,0
0.22,0.113,0.21,0.79,15.43,0.0,0.18,246.71,2173771430743.79,90,90,1,15,3,0,0,0,0,360.0,0.0171,4050,2.3219,1,0.7657,0.0,0.0,1.0,0.62,0.5,12,6,0,0,1,0
0.22,0.113,0.47,0.53,7.37,0.0,0.03,204.09,1415923334748.57,90,90,1,70,4,0,0,0,0,252.0,0.036,4050,2.3219,14,0.3922,0.6,0.0166,0.0,0.56,0.47,8,4,0,0,1,0
0.22,0.113,0.72,0.28,4.48,0.0,0.03,112.85,844206897393.45,70,70,1,70,4,0,0,0,0,72.0,0.0272,2450,2.3219,6,0.2714,0.5,0.0099,0.0,0.59,0.59,3,2,0,0,1,0
0.22,0.113,0.0,0.47,0.67,0.53,0.4,14.03,5982943339312.77,70,70,1,70,4,0,0,0,0,108.0,0.0255,2450,2.3219,10,0.3173,0.8,0.0081,0.0,0.43,0.75,3,2,0,0,1,0
0.22,0.113,0.25,0.75,18.64,0.0,0.32,412.76,2721357145577.86,90,90,1,30,4,0,0,0,0,180.0,0.0209,4050,2.3219,2,0.6828,0.0,0.0,1.0,0.0,0.0,0,0,0,0,1,0
0.22,0.113,0.17,0.83,29.72,0.0,0.17,248.71,2506631036987.0,90,90,1,15,4,0,0,0,0,360.0,0.0232,4050,2.3219,1,0.6483,0.0,0.0,1.0,0.73,0.55,8,4,0,0,1,0
0.22,0.113,0.21,0.79,27.86,0.0,0.41,282.36,2902344830487.93,70,70,1,15,4,0,0,0,0,360.0,0.0151,2450,2.3219,1,0.6476,0.0,0.0,1.0,0.0,0.0,0,0,0,0,1,0
0.22,0.113,0.64,0.36,0.39,0.0,0.0,29.08,336210714619.96,50,50,1,70,5,0,0,0,0,180.0,0.015,1250,2.3219,2,0.2472,0.0,0.0,1.0,0.39,0.71,4,3,0,0,1,0
0.22,0.113,0.79,0.21,0.97,0.0,0.0,27.79,335020689988.83,50,50,1,15,5,0,0,0,0,180.0,0.011,1250,2.3219,2,0.4832,0.0,0.0,1.0,0.46,0.58,2,1,0,0,1,0
0.22,0.113,0.34,0.66,20.24,0.0,0.21,215.4,2217824140147.9,90,90,1,30,4,0,0,0,0,180.0,0.0254,4050,2.3219,3,0.5973,1.0,0.0021,0.0,0.57,0.63,4,3,0,0,1,0
0.22,0.113,0.5,0.5,1.32,0.0,0.0,40.61,380525000378.82,50,50,1,45,3,0,0,0,0,180.0,0.0144,1250,2.3219,5,0.3112,0.6,0.0092,0.0,0.62,0.67,4,3,0,0,1,0
0.22,0.113,0.62,0.38,6.41,0.0,0.14,109.43,1109913794212.59,50,50,1,70,4,0,0,0,0,90.0,0.0157,1250,2.3219,4,0.222,1.0,0.0059,0.0,0.23,0.39,4,2,0,0,1,0
0.22,0.113,0.85,0.15,0.33,0.0,0.0,17.44,338385185522.37,50,50,1,45,3,0,0,0,0,216.0,0.0139,1250,2.3219,7,0.3676,0.7,0.0123,0.0,0.52,0.69,2,1,0,0,1,0
0.22,0.113,0.71,0.29,0.64,0.0,0.0,26.4,316992857458.5,50,50,1,70,3,0,0,0,0,180.0,0.0148,1250,2.3219,4,0.2964,1.0,0.0096,0.0,0.7,0.51,4,2,0,0,1,0
0.22,0.113,0.23,0.73,22.93,0.03,0.23,154.16,2009426668676.93,70,70,1,30,3,0,0,0,0,180.0,0.0176,2450,2.3219,2,0.5865,0.0,0.0,1.0,0.0,0.0,0,0,0,0,1,0
0.22,0.113,0.52,0.48,4.93,0.0,0.07,63.02,893293104340.17,70,70,1,45,5,0,0,0,0,249.2308,0.0268,2450,2.3219,8,0.2798,0.2,0.009,0.0,0.59,0.49,6,3,0,0,1,0
0.22,0.113,0.5,0.47,8.83,0.03,0.1,148.06,1799170001797.7,90,90,1,70,5,0,0,0,0,110.7692,0.0415,4050,2.3219,13,0.2514,0.5,0.0096,0.0,0.66,0.43,8,3,0,0,1,0
0.22,0.113,0.41,0.59,13.07,0.0,0.17,252.55,1901434484660.55,90,90,1,45,5,0,0,0,0,341.0526,0.0365,4050,2.3219,7,0.3585,0.6,0.0195,0.0,0.4,0.46,12,6,0,0,1,0
0.22,0.113,0.23,0.77,18.67,0.0,0.07,190.52,1576950001576.5,70,70,1,15,5,0,0,0,0,180.0,0.0197,2450,2.3219,4,0.5037,1.0,0.0091,0.0,0.57,0.55,3,2,0,0,1,0
0.22,0.113,0.27,0.73,13.97,0.0,0.37,212.91,2600290002599.9,70,70,1,70,4,0,0,0,0,288.0,0.0252,2450,2.3219,5,0.3153,0.4,0.0116,0.0,0.64,0.64,9,6,0,0,1,0
0.22,0.113,0.93,0.07,0.14,0.0,0.0,18.9,294579310637.17,50,50,1,70,3,0,0,0,0,196.3636,0.0155,1250,2.3219,8,0.2344,0.5,0.0116,0.0,0.0,0.0,0,0,0,0,1,0
0.22,0.113,0.48,0.52,3.38,0.0,0.03,87.74,875651725011.69,90,90,1,70,5,0,0,0,0,225.0,0.0393,4050,2.3219,10,0.3051,0.5,0.0108,0.0,0.48,0.63,8,5,0,0,1,0
0.22,0.113,0.34,0.66,12.03,0.0,0.1,128.53,1516962070479.97,50,50,1,30,3,0,0,0,0,120.0,0.0124,1250,2.3219,3,0.4516,1.0,0.0063,0.0,0.52,0.88,2,2,0,0,1,0
0.22,0.113,0.27,0.73,22.8,0.0,0.4,238.8,3105226669770.93,90,90,1,30,5,0,0,0,0,360.0,0.0314,4050,2.3219,2,0.4767,1.0,0.0175,0.0,0.56,0.46,8,4,0,0,1,0
0.22,0.113,0.36,0.64,3.39,0.0,0.0,68.67,933139286646.75,50,50,1,45,3,0,0,0,0,144.0,0.014,1250,2.3219,11,0.3676,0.7,0.0101,0.0,0.69,0.45,6,3,0,0,1,0
0.22,0.113,0.27,0.73,19.27,0.0,0.47,259.7,3222423336553.57,90,90,1,30,5,0,0,0,0,216.0,0.0299,4050,2.3219,4,0.5022,0.5,0.0102,0.0,0.0,0.0,0,0,0,0,1,0
0.22,0.113,0.1,0.9,14.43,0.0,0.27,181.6,2851880002850.8,90,90,1,70,4,0,0,0,0,144.0,0.036,4050,2.3219,10,0.3957,0.5,0.0092,0.0,0.42,0.67,12,8,0,0,1,0
0.22,0.113,0.1,0.9,28.37,0.0,0.33,346.0,3194506669859.73,90,90,1,30,4,0,0,0,0,240.0,0.0264,4050,2.3219,7,0.5727,0.4,0.0078,0.0,0.46,0.4,4,2,0,0,1,0
0.22,0.113,0.61,0.39,1.0,0.0,0.0,22.48,171725000171.18,50,50,1,15,3,0,0,0,0,180.0,0.0098,1250,2.3219,3,0.5668,1.0,0.0054,0.0,0.72,0.62,4,2,0,0,1,0
0.22,0.113,0.2,0.8,27.0,0.0,0.23,343.26,2517880002516.8,90,90,1,45,5,0,0,0,0,154.2857,0.034,4050,2.3219,7,0.4179,0.4,0.0097,0.0,0.57,0.56,8,5,0,0,1,0
0.22,0.113,0.9,0.1,0.14,0.0,0.0,26.15,238772414030.14,50,50,1,70,3,0,0,0,0,180.0,0.0151,1250,2.3219,3,0.2944,1.0,0.0105,0.0,0.39,0.38,2,1,0,0,1,0
0.22,0.113,0.17,0.83,33.17,0.0,0.37,378.63,3160933336493.67,90,90,1,30,3,0,0,0,0,180.0,0.0237,4050,2.3219,3,0.6543,1.0,0.0051,0.0,0.58,0.59,12,7,0,0,1,0
0.22,0.113,0.52,0.48,0.76,0.0,0.0,28.05,310158620998.14,50,50,1,70,4,0,0,0,0,180.0,0.0137,1250,2.3219,2,0.314,0.0,0.0,1.0,0.64,0.48,6,3,0,0,1,0
0.22,0.113,0.31,0.69,8.31,0.0,0.07,128.07,1515662070479.38,70,70,1,70,3,0,0,0,0,130.9091,0.0257,2450,2.3219,13,0.3637,0.7,0.0123,0.0,0.61,0.52,6,3,0,0,1,0
0.22,0.113,0.33,0.67,20.03,0.0,0.27,255.15,2192073335526.07,70,70,1,30,4,0,0,0,0,180.0,0.0226,2450,2.3219,5,0.4292,0.4,0.0073,0.0,0.59,0.6,6,4,0,0,1,0
0.22,0.113,0.63,0.37,0.97,0.0,0.0,50.75,522466667187.33,70,70,1,70,4,0,0,0,0,294.5455,0.0267,2450,2.3219,6,0.2676,0.5,0.0104,0.0,0.67,0.54,3,2,0,0,1,0
0.22,0.113,0.23,0.77,12.9,0.0,0.13,181.44,1704743335035.77,90,90,1,45,3,0,0,0,0,227.3684,0.0287,4050,2.3219,11,0.5577,0.5,0.0105,0.0,0.41,0.52,4,2,0,0,1,0
0.22,0.113,0.27,0.73,19.87,0.0,0.1,254.97,2212533335544.67,90,90,1,70,4,0,0,0,0,180.0,0.0378,4050,2.3219,9,0.353,0.6,0.0112,0.0,0.52,0.54,12,6,0,0,1,0
0.22,0.113,0.27,0.73,13.83,0.0,0.1,134.53,1382413334716.47,50,50,1,45,3,0,0,0,0,120.0,0.0139,1250,2.3219,3,0.3532,0.7,0.0051,0.0,0.59,0.52,6,3,0,0,1,0
0.22,0.113,0.43,0.57,18.27,0.0,0.2,214.84,1722176668387.43,70,70,1,15,4,0,0,0,0,180.0,0.0141,2450,2.3219,2,0.6684,1.0,0.0008,0.0,0.0,0.0,0,0,0,0,1,0
0.22,0.113,0.9,0.1,0.1,0.0,0.0,22.69,207393103653.93,50,50,1,45,5,0,0,0,0,180.0,0.0142,1250,2.3219,2,0.3048,0.0,0.0,1.0,0.44,0.57,4,2,0,0,1,0
0.22,0.113,0.27,0.73,13.5,0.0,0.13,223.47,1768400001766.0,90,90,1,30,4,0,0,0,0,240.0,0.0285,4050,2.3219,3,0.5573,0.7,0.0047,0.0,0.55,0.84,4,3,0,0,1,0
0.22,0.113,0.8,0.2,0.87,0.0,0.0,33.28,285533333617.67,50,50,1,30,3,0,0,0,0,180.0,0.0106,1250,2.3219,6,0.5244,0.5,0.0089,0.0,0.0,0.0,0,0,0,0,1,0
0.22,0.113,0.27,0.73,21.03,0.0,0.27,386.42,2243133335574.67,90,90,1,30,4,0,0,0,0,180.0,0.023,4050,2.3219,4,0.6383,0.2,0.008,0.0,0.59,0.42,8,3,0,0,1,0
0.22,0.113,0.1,0.9,18.03,0.0,0.1,290.09,1845786668510.53,90,90,1,15,3,0,0,0,0,90.0,0.0196,4050,2.3219,4,0.7065,1.0,0.0024,0.0,0.56,0.62,12,7,0,0,1,0
0.22,0.113,0.3,0.7,7.3,0.0,0.1,147.43,1475423334806.57,90,90,1,70,4,0,0,0,0,240.0,0.0382,4050,2.3219,12,0.3425,0.3,0.0107,0.0,0.63,0.64,8,5,0,0,1,0
0.22,0.113,0.9,0.1,3.83,0.0,0.07,84.41,825836667491.03,70,70,1,15,5,0,0,0,0,180.0,0.0155,2450,2.3219,2,0.6251,0.0,0.0,1.0,0.0,0.0,0,0,0,0,1,0
0.22,0.113,0.14,0.86,21.93,0.0,0.24,220.94,2754151726892.21,90,90,1,45,3,0,0,0,0,288.0,0.0303,4050,2.3219,5,0.5273,0.6,0.0085,0.0,0.49,0.57,12,7,0,0,1,0
0.22,0.113,0.1,0.9,32.72,0.0,0.41,338.96,3277248279136.28,90,90,1,70,3,0,0,0,0,216.0,0.0305,4050,2.3219,5,0.5281,0.4,0.0073,0.0,0.52,0.53,8,4,0,0,1,0
0.22,0.113,0.67,0.33,7.57,0.0,0.17,137.45,1579440001577.4,90,90,1,70,5,0,0,0,0,180.0,0.0379,4050,2.3219,3,0.3074,1.0,0.0074,0.0,0.46,0.59,4,2,0,0,1,0
0.22,0.113,0.55,0.45,1.45,0.0,0.0,38.2,454579310797.17,50,50,1,30,5,0,0,0,0,180.0,0.0135,1250,2.3219,3,0.3544,1.0,0.0076,0.0,0.45,0.68,2,1,0,0,1,0
0.22,0.113,0.23,0.77,5.3,0.0,0.0,91.05,991946667658.13,70,70,1,45,4,0,0,0,0,154.2857,0.0237,2450,2.3219,6,0.3698,0.7,0.0126,0.0,0.58,0.64,9,6,0,0,1,0
0.22,0.113,0.83,0.17,0.27,0.0,0.0,23.53,231960000231.6,50,50,1,70,5,0,0,0,0,180.0,0.0154,1250,2.3219,2,0.2304,0.0,0.0,1.0,0.6,0.6,6,4,0,0,1,0
0.22,0.113,0.4,0.6,9.73,0.0,0.1,131.4,1267546667933.13,70,70,1,15,4,0,0,0,0,90.0,0.0154,2450,2.3219,5,0.6257,0.8,0.0067,0.0,0.51,0.61,6,4,0,0,1,0
0.22,0.113,0.33,0.67,14.23,0.0,0.2,257.66,1779240001778.4,90,90,1,45,3,0,0,0,0,288.0,0.0304,4050,2.3219,4,0.5278,0.5,0.0105,0.0,0.6,0.68,8,5,0,0,1,0
0.22,0.113,0.33,0.67,9.93,0.0,0.07,165.99,1324436667989.03,70,70,1,15,5,0,0,0,0,90.0,0.0202,2450,2.3219,4,0.4851,0.5,0.0037,0.0,0.6,0.54,9,5,0,0,1,0
0.22,0.113,0.76,0.24,4.38,0.0,0.03,53.41,632524138561.45,50,50,1,30,3,0,0,0,0,360.0,0.0119,1250,2.3219,1,0.4868,0.0,0.0,1.0,0.0,0.0,0,0,0,0,1,0
0.22,0.113,0.23,0.77,16.37,0.0,0.13,228.74,1934683335268.17,90,90,1,70,5,0,0,0,0,270.0,0.0403,4050,2.3219,6,0.2737,0.5,0.0093,0.0,0.62,0.81,8,7,0,0,1,0
0.22,0.113,0.59,0.41,3.79,0.0,0.07,92.94,855003449129.34,50,50,1,30,3,0,0,0,0,360.0,0.0126,1250,2.3219,2,0.4388,1.0,0.0065,0.0,0.43,0.48,4,2,0,0,1,0
0.22,0.113,0.07,0.93,20.56,0.0,0.19,289.59,1972414816785.63,90,90,1,30,3,0,0,0,0,240.0,0.0243,4050,2.3219,3,0.6423,1.0,0.009,0.0,0.0,0.0,0,0,0,0,1,0
0.22,0.113,0.83,0.17,1.93,0.0,0.03,50.64,454151724592.21,50,50,1,70,5,0,0,0,0,180.0,0.0151,1250,2.3219,2,0.2364,0.0,0.0,1.0,0.61,0.81,2,2,0,0,1,0
0.22,0.113,0.73,0.27,3.63,0.0,0.03,94.88,1123200001122.0,90,90,1,70,5,0,0,0,0,200.0,0.0374,4050,2.3219,11,0.3175,0.5,0.0216,0.0,0.0,0.0,0,0,0,0,1,0
0.22,0.113,0.14,0.86,16.86,0.0,0.24,297.43,2382717243761.66,70,70,1,30,4,0,0,0,0,360.0,0.0199,2450,2.3219,3,0.49,0.7,0.0109,0.0,0.54,0.58,9,5,0,0,1,0
0.22,0.113,1.0,0.0,0.0,0.0,0.0,26.83,225655172637.59,50,50,1,70,4,0,0,0,0,180.0,0.0154,1250,2.3219,2,0.232,0.0,0.0,1.0,0.0,0.0,0,0,0,0,1,0
0.22,0.113,0.3,0.7,17.6,0.0,0.23,228.67,2136440002134.4,70,70,1,45,3,0,0,0,0,120.0,0.0228,2450,2.3219,7,0.4349,0.6,0.0066,0.0,0.55,0.42,6,3,0,0,1,0
0.22,0.113,0.59,0.41,4.41,0.0,0.07,90.34,871234483628.55,70,70,1,45,4,0,0,0,0,360.0,0.0233,2450,2.3219,2,0.3929,1.0,0.0098,0.0,0.52,0.67,6,4,0,0,1,0
0.22,0.113,0.55,0.45,2.34,0.0,0.03,60.73,535748276396.79,50,50,1,70,3,0,0,0,0,90.0,0.0151,1250,2.3219,6,0.2864,0.7,0.0065,0.0,0.5,0.56,6,3,0,0,1,0
0.22,0.113,0.13,0.87,25.23,0.0,0.2,261.69,2861850002860.5,70,70,1,15,3,0,0,0,0,240.0,0.0133,2450,2.3219,4,0.6982,1.0,0.0098,0.0,0.48,0.58,6,3,0,0,1,0
0.22,0.113,0.93,0.07,0.1,0.0,0.0,19.6,188451724324.86,50,50,1,15,5,0,0,0,0,90.0,0.0108,1250,2.3219,4,0.5092,0.5,0.0054,0.0,0.0,0.0,0,0,0,0,1,0
0.22,0.113,0.5,0.47,12.9,0.03,0.17,170.25,1522013334855.47,70,70,1,30,4,0,0,0,0,240.0,0.0187,2450,2.3219,3,0.5318,0.7,0.0039,0.0,0.0,0.0,0,0,0,0,1,0
0.22,0.113,0.34,0.66,19.31,0.0,0.21,296.04,2099572415891.93,90,90,1,30,5,0,0,0,0,180.0,0.0338,4050,2.3219,6,0.43,0.3,0.0077,0.0,0.65,0.68,8,5,0,0,1,0
0.22,0.113,0.43,0.57,1.27,0.0,0.1,75.93,2270493335602.27,50,90,1,45,4,0,0,0,0,180.0,0.02,2250,2.3219,2,0.4556,0.0,0.0,1.0,0.75,0.56,6,3,1,0,0,0
2,0.267,0.43,0.13,0.27,0.43,0.03,81.21,3870720003868.2,50,90,1,30,4,0,0,0,0,120.0,0.0186,2250,2.3219,6,0.4898,0.7,0.0104,0.0,0.0,0.0,0,0,0,0,1,0
1.1,0.625,0.57,0.43,0.73,0.0,0.3,51.45,3026746669694.13,70,90,1,30,5,0,0,0,0,120.0,0.0243,3150,2.3219,6,0.4984,0.3,0.0134,0.0,0.0,0.0,0,0,1,0,0,0
0.22,0.113,0.3,0.7,1.33,0.0,0.0,63.06,1388343334721.77,50,70,1,15,4,0,0,0,0,120.0,0.0138,1750,2.3219,6,0.5471,0.3,0.008,0.0,0.65,0.49,6,3,1,0,0,0
1.1,0.625,0.4,0.6,1.8,0.0,0.37,88.58,3576453336907.87,90,70,0,0,0,1,20,4,0,169.4118,0.0325,3150,2.3219,15,0.2692,0.6,0.0213,0.0,0.0,0.0,0,0,1,0,0,0
1.1,0.625,0.2,0.8,2.17,0.0,0.5,62.05,4010703337341.37,90,70,1,45,4,0,0,0,0,90.0,0.0253,3150,2.3219,4,0.4763,1.0,0.002,0.0,0.42,0.64,3,2,1,0,0,0
1.1,0.625,0.77,0.23,0.3,0.0,0.0,58.66,935643334268.77,50,50,1,45,5,0,0,0,0,180.0,0.0148,1250,2.3219,3,0.2908,1.0,0.0068,0.0,0.69,0.61,4,2,1,0,0,0
2,0.267,0.23,0.6,0.93,0.17,0.5,242.04,4536013337866.47,50,70,1,70,4,0,0,0,0,360.0,0.0205,1750,2.3219,1,0.246,0.0,0.0,1.0,0.46,0.65,4,3,0,0,1,0
0.22,0.113,0.4,0.6,1.73,0.0,0.13,109.73,2822506669487.73,90,50,1,70,3,0,0,0,0,216.0,0.0235,2250,2.3219,6,0.3467,0.7,0.0071,0.0,0.59,0.51,6,3,1,0,0,0
2,0.267,0.47,0.17,0.23,0.37,0.13,35.86,3495393336826.27,50,50,1,70,5,0,0,0,0,180.0,0.0154,1250,2.3219,2,0.226,0.0,0.0,1.0,0.57,0.34,2,1,0,0,1,0
1.1,0.625,0.53,0.47,3.83,0.0,0.2,61.52,1761116668425.83,50,70,0,0,0,1,10,6,0,180.0,0.0167,1750,2.3219,2,0.4083,1.0,0.0004,0.0,0.0,0.0,0,0,0,0,1,0
2,0.267,0.23,0.4,0.57,0.37,0.33,137.99,4565053337898.87,50,90,1,45,4,0,0,0,0,180.0,0.0211,2250,2.3219,2,0.3951,0.0,0.0,1.0,0.61,0.44,3,1,0,0,1,0
1.1,0.625,0.7,0.23,0.47,0.07,0.03,26.78,991373334322.07,50,50,0,0,0,1,10,2,0,261.8182,0.0161,1250,2.3219,13,0.1684,0.6,0.0149,0.0,0.0,0.0,0,0,0,0,1,0
2,0.267,0.37,0.47,0.97,0.17,0.37,236.79,4198306670864.73,90,70,1,45,4,0,0,0,0,240.0,0.0287,3150,2.3219,8,0.4146,0.8,0.0088,0.0,0.55,0.41,6,2,0,0,1,0
2,0.267,0.55,0.45,0.79,0.0,0.24,61.13,2311282760931.1,70,50,1,70,3,0,0,0,0,180.0,0.0195,1750,2.3219,7,0.3223,0.6,0.0091,0.0,0.87,0.59,4,2,1,0,0,0
0.22,0.113,0.62,0.38,1.59,0.0,0.0,52.77,600165517839.93,50,90,1,70,4,0,0,0,0,360.0,0.0241,2250,2.3219,3,0.2978,0.7,0.0144,0.0,0.61,0.48,6,3,0,0,1,0
0.22,0.113,0.7,0.3,0.5,0.0,0.0,69.65,1113153334444.87,50,50,1,30,5,0,0,0,0,360.0,0.0151,1250,2.3219,1,0.2488,0.0,0.0,1.0,0.58,0.56,6,3,1,0,0,0
2,0.267,0.37,0.63,2.5,0.0,0.2,174.11,2659550002658.5,70,50,1,15,4,0,0,0,0,180.0,0.0139,1750,2.3219,5,0.5457,0.6,0.0086,0.0,0.65,0.63,6,4,0,0,1,0
0.22,0.113,0.4,0.6,1.77,0.0,0.03,129.16,2275066668939.33,90,70,1,45,3,0,0,0,0,72.0,0.0235,3150,2.3219,6,0.546,0.5,0.0062,0.0,0.44,0.51,3,2,1,0,0,0
0.22,0.113,0.47,0.53,8.37,0.0,0.07,146.0,1493520001492.2,90,70,0,0,0,1,20,4,0,205.7143,0.0323,3150,2.3219,18,0.2819,0.4,0.0122,0.0,0.58,0.52,9,5,0,0,1,0
2,0.267,0.6,0.4,0.57,0.0,0.3,52.14,2733870002732.7,50,90,1,45,5,0,0,0,0,240.0,0.0233,2250,2.3219,3,0.3336,1.0,0.0122,0.0,0.0,0.0,0,0,1,0,0,0
0.22,0.113,0.93,0.07,0.07,0.0,0.03,63.36,1353483334685.17,70,50,1,30,5,0,0,0,0,180.0,0.0177,1750,2.3219,4,0.3389,0.5,0.0047,0.0,0.0,0.0,0,0,1,0,0,0
1.1,0.625,0.93,0.07,0.1,0.0,0.07,43.13,1012823334344.57,50,70,1,70,3,0,0,0,0,120.0,0.0176,1750,2.3219,10,0.4006,0.6,0.0105,0.0,0.0,0.0,0,0,1,0,0,0
1.1,0.625,0.4,0.6,1.6,0.0,0.17,17.44,1312210001311.1,50,90,0,0,0,1,30,4,0,77.1429,0.0204,2250,2.3219,14,0.4647,0.6,0.0215,0.0,0.64,0.45,9,4,1,0,0,0
0.22,0.113,0.57,0.43,18.97,0.0,0.27,215.62,1849900001849.0,50,70,1,15,5,0,0,0,0,180.0,0.0147,1750,2.3219,4,0.5057,0.5,0.0067,0.0,0.0,0.0,0,0,0,0,1,0
2,0.267,0.87,0.13,0.17,0.0,0.07,73.78,2130253335462.87,90,90,0,0,0,1,10,4,0,168.0,0.0441,4050,2.3219,12,0.1301,0.5,0.0123,0.0,0.58,0.47,4,2,1,0,0,0
2,0.267,0.27,0.73,7.27,0.0,0.47,325.05,3287626669953.93,50,90,0,0,0,1,40,6,0,338.8235,0.0127,2250,2.3219,9,0.7071,0.6,0.025,0.0,0.48,0.63,9,6,0,0,1,0
0.22,0.113,0.47,0.53,2.43,0.0,0.0,10.77,185570000184.7,90,50,1,15,3,0,0,0,0,180.0,0.0147,2250,2.3219,2,0.6544,1.0,0.0009,0.0,0.44,0.7,9,6,1,0,0,0
2,0.267,0.23,0.77,1.13,0.0,0.73,64.73,4832566671498.33,70,90,0,0,0,1,40,4,0,307.3171,0.0281,3150,2.3219,10,0.4363,0.5,0.0186,0.0,0.0,0.0,0,0,1,0,0,0
2,0.267,0.17,0.4,0.57,0.43,0.3,141.41,4788800004790.0,70,50,0,0,0,1,0,6,0,180.0,0.0219,1750,2.3219,2,0.0674,1.0,0.0003,0.0,0.96,0.74,2,1,0,0,1,0
0.22,0.113,0.9,0.1,0.1,0.0,0.0,51.64,986493334318.27,50,50,1,70,4,0,0,0,0,180.0,0.0157,1250,2.3219,2,0.2108,0.0,0.0,1.0,0.41,0.74,2,1,1,0,0,0
0.22,0.113,0.27,0.7,1.4,0.03,0.3,126.7,3607076670271.43,90,90,0,0,0,1,30,6,0,200.0,0.032,4050,2.3219,9,0.476,0.6,0.0123,0.0,0.44,0.69,4,3,1,0,0,0
2,0.267,0.38,0.45,0.9,0.17,0.24,113.53,3299820692953.38,50,50,1,70,3,0,0,0,0,180.0,0.0151,1250,2.3219,6,0.2568,0.3,0.008,0.0,0.52,0.46,4,2,0,0,1,0
1.1,0.625,1.0,0.0,0.0,0.0,0.0,56.44,635046667299.13,90,70,0,0,0,1,0,4,0,180.0,0.0366,3150,2.3219,2,0.0502,1.0,0.0002,0.0,0.0,0.0,0,0,0,0,1,0
2,0.267,0.23,0.03,0.1,0.73,0.03,279.13,4980273338310.07,90,70,0,0,0,1,20,4,0,288.0,0.0326,3150,2.3219,7,0.2676,0.4,0.0095,0.0,0.0,0.0,0,0,0,0,1,0
2,0.267,0.67,0.33,0.47,0.0,0.13,60.17,1914943335247.77,50,70,1,45,4,0,0,0,0,360.0,0.0184,1750,2.3219,4,0.3609,0.5,0.0306,0.0,0.4,0.68,4,3,1,0,0,0
1.1,0.625,0.87,0.13,0.13,0.0,0.0,8.29,62591304410.26,50,70,0,0,0,1,20,6,0,303.1579,0.0117,1750,2.3219,8,0.6431,0.5,0.0134,0.0,0.4,0.34,2,1,0,0,1,0
0.22,0.113,0.37,0.63,1.5,0.0,0.23,112.47,2928190002926.9,90,70,1,30,5,0,0,0,0,180.0,0.0258,3150,2.3219,4,0.4576,0.5,0.0047,0.0,0.51,0.6,9,5,1,0,0,0
1.1,0.625,0.9,0.1,0.13,0.0,0.0,43.66,418043333748.77,90,50,1,70,5,0,0,0,0,180.0,0.0254,2250,2.3219,2,0.2204,0.0,0.0,1.0,0.7,0.51,6,3,0,0,1,0
1.1,0.625,0.3,0.7,3.5,0.0,0.13,106.94,1692050001689.5,90,70,0,0,0,1,10,4,0,187.8261,0.0347,3150,2.3219,17,0.1768,0.5,0.0102,0.0,0.63,0.58,9,5,0,0,1,0
0.22,0.113,0.03,0.97,15.6,0.0,0.5,392.66,3688023337021.57,50,50,0,0,0,1,10,4,0,196.3636,0.0134,1250,2.3219,6,0.37,0.5,0.0149,0.0,0.5,0.47,4,2,0,0,1,0
0.22,0.113,0.23,0.77,1.43,0.0,0.23,128.17,3574946670241.13,90,90,0,0,0,1,40,2,0,221.5385,0.0449,4050,2.3219,41,0.1599,0.4,0.0142,0.0,0.65,0.55,12,7,1,0,0,0
0.22,0.113,0.0,1.0,41.0,0.0,0.0,430.1,5950000005950.0,90,50,1,15,5,0,0,0,0,180.0,0.0174,2250,2.3219,2,0.5282,0.0,0.0,1.0,0.43,0.53,6,3,0,0,1,0
1.1,0.625,0.17,0.83,1.57,0.0,0.4,86.29,3822706670489.73,70,90,0,0,0,1,10,4,0,278.7097,0.0347,3150,2.3219,14,0.1778,0.4,0.0147,0.0,0.58,0.84,3,3,1,0,0,0
1.1,0.625,0.43,0.57,0.93,0.0,0.47,66.93,3662973336996.07,70,90,0,0,0,1,20,2,0,158.0488,0.0365,3150,2.3219,29,0.1235,0.5,0.0131,0.0,0.0,0.0,0,0,1,0,0,0
0.22,0.113,0.87,0.13,0.5,0.0,0.0,46.03,431213333763.47,70,50,1,70,5,0,0,0,0,360.0,0.0211,1750,2.3219,1,0.1977,0.0,0.0,1.0,0.8,0.4,2,1,0,0,1,0
0.22,0.113,0.27,0.73,16.93,0.0,0.23,256.0,2329556668995.23,50,90,1,70,3,0,0,0,0,360.0,0.0222,2250,2.3219,3,0.3853,0.3,0.0193,0.0,0.33,0.44,6,3,0,0,1,0
0.22,0.113,0.6,0.4,2.23,0.0,0.0,83.65,800463334131.97,90,90,0,0,0,1,10,4,0,126.0,0.0438,4050,2.3219,18,0.1433,0.4,0.0144,0.0,0.59,0.68,4,3,0,0,1,0
2,0.267,0.23,0.57,1.27,0.2,0.3,282.77,4359133337690.67,50,70,0,0,0,1,20,2,0,135.0,0.0215,1750,2.3219,18,0.1851,0.6,0.0153,0.0,0.54,0.38,4,2,0,0,1,0
1.1,0.625,0.3,0.7,3.17,0.0,0.3,68.8,2705973336039.07,50,70,0,0,0,1,30,2,0,60.0,0.0208,1750,2.3219,26,0.2606,0.6,0.0174,0.0,0.69,0.72,6,4,1,0,0,0
1.1,0.625,0.6,0.4,0.77,0.0,0.1,35.21,1332626667995.93,70,50,0,0,0,1,40,2,0,77.1429,0.0202,1750,2.3219,28,0.32,0.6,0.1221,0.0006,0.8,0.52,4,2,1,0,0,0
2,0.267,0.37,0.47,0.87,0.17,0.33,202.32,3635213336967.47,50,70,1,45,5,0,0,0,0,180.0,0.0195,1750,2.3219,2,0.2891,0.0,0.0,1.0,0.41,0.36,6,2,0,0,1,0
2,0.267,0.23,0.53,1.67,0.23,0.33,217.06,4113540004112.4,70,90,0,0,0,1,20,4,0,151.5789,0.0323,3150,2.3219,14,0.2754,0.6,0.0145,0.0,0.41,0.4,3,1,0,0,1,0
2,0.267,0.47,0.53,0.9,0.0,0.37,439.15,2464180002462.8,90,90,1,15,3,0,0,0,0,180.0,0.0178,4050,2.3219,3,0.7519,1.0,0.0022,0.0,0.0,0.0,0,0,0,0,1,0
0.22,0.113,0.0,1.0,17.0,0.0,0.0,872.11,5960400005964.0,90,70,0,0,0,1,40,4,0,329.1429,0.0286,3150,2.3219,10,0.4048,0.9,0.0121,0.0,0.57,0.67,3,2,0,0,1,0
2,0.267,0.23,0.77,1.63,0.0,0.4,71.78,3892533337224.67,90,70,1,15,4,0,0,0,0,120.0,0.0176,3150,2.3219,3,0.676,1.0,0.0045,0.0,0.56,0.51,6,3,1,0,0,0
0.22,0.113,0.43,0.57,0.73,0.0,0.0,68.16,1267636667934.03,50,50,1,45,3,0,0,0,0,180.0,0.0149,1250,2.3219,5,0.3164,0.6,0.0091,0.0,0.53,0.46,6,3,1,0,0,0
2,0.267,0.33,0.67,1.07,0.0,0.33,65.32,3191250003190.5,50,90,1,70,4,0,0,0,0,360.0,0.0263,2250,2.3219,3,0.2351,0.3,0.0152,0.0,0.62,0.52,9,5,1,0,0,0
0.22,0.113,0.9,0.07,0.1,0.03,0.03,56.34,1361723334692.57,70,50,1,15,5,0,0,0,0,360.0,0.0135,1750,2.3219,1,0.5429,0.0,0.0,1.0,0.0,0.0,0,0,1,0,0,0
2,0.267,0.62,0.38,1.1,0.0,0.1,103.02,1515337932548.21,70,50,1,15,4,0,0,0,0,120.0,0.0137,1750,2.3219,3,0.5594,0.7,0.0056,0.0,0.53,0.59,6,4,0,0,1,0
2,0.267,0.34,0.62,4.14,0.03,0.38,188.88,3519403451793.0,90,50,0,0,0,1,40,2,0,87.2727,0.0259,2250,2.3219,34,0.2451,0.6,0.0106,0.0,0.57,0.7,3,2,0,0,1,0
1.1,0.625,0.4,0.6,11.1,0.0,0.3,255.31,2355946669022.13,70,50,0,0,0,1,20,4,0,360.0,0.0175,1750,2.3219,1,0.3757,0.0,0.0,1.0,0.5,0.37,4,1,0,0,1,0
1.1,0.625,0.53,0.4,1.77,0.07,0.23,75.13,2056733335387.67,90,70,0,0,0,1,30,4,0,295.3846,0.0303,3150,2.3219,19,0.3643,0.3,0.0148,0.0,0.0,0.0,0,0,0,0,1,0
0.22,0.113,0.47,0.5,1.3,0.03,0.07,142.26,3025626669691.93,90,90,0,0,0,1,30,2,0,137.1429,0.0454,4050,2.3219,46,0.136,0.6,0.0149,0.0,0.65,0.63,8,5,1,0,0,0
1.1,0.625,0.33,0.67,2.5,0.0,0.4,48.51,3216250003215.5,70,70,1,30,3,0,0,0,0,90.0,0.018,2450,2.3219,5,0.5771,0.8,0.01,0.0,0.76,0.68,6,4,1,0,0,0
0.22,0.113,0.3,0.7,4.8,0.0,0.03,115.29,1078746667743.13,70,50,1,45,3,0,0,0,0,216.0,0.0185,1750,2.3219,12,0.3737,0.5,0.0089,0.0,0.64,0.73,6,4,0,0,1,0
0.22,0.113,0.83,0.17,3.9,0.0,0.0,69.53,598133333929.67,90,50,0,0,0,1,10,4,0,290.7692,0.0252,2250,2.3219,9,0.222,0.6,0.0128,0.0,0.0,0.0,0,0,0,0,1,0
2,0.267,0.17,0.83,2.33,0.0,0.7,45.11,4361826671026.93,90,70,1,30,3,0,0,0,0,257.1429,0.0244,3150,2.3219,8,0.5405,0.6,0.0087,0.0,0.52,0.58,9,5,1,0,0,0
1.1,0.625,0.66,0.34,1.52,0.0,0.1,55.65,1007406897557.52,70,70,1,30,4,0,0,0,0,90.0,0.0203,2450,2.3219,4,0.489,0.5,0.0049,0.0,0.0,0.0,0,0,0,0,1,0
0.22,0.113,0.83,0.17,0.17,0.0,0.0,66.95,1070086667734.53,50,50,1,70,5,0,0,0,0,180.0,0.0151,1250,2.3219,2,0.2336,0.0,0.0,1.0,0.41,0.48,4,2,1,0,0,0
1.1,0.625,0.57,0.43,1.13,0.0,0.03,75.76,930866667596.33,90,70,0,0,0,1,10,4,0,154.2857,0.0347,3150,2.3219,14,0.1686,0.4,0.0117,0.0,0.85,0.84,3,3,0,0,1,0
0.22,0.113,0.47,0.53,1.17,0.0,0.1,111.92,2554626669217.93,90,50,0,0,0,1,40,2,0,90.0,0.0258,2250,2.3219,24,0.2507,0.5,0.0103,0.0,0.0,0.0,0,0,1,0,0,0
1.1,0.625,0.55,0.45,1.1,0.0,0.0,11.95,189186207084.62,70,70,1,15,3,0,0,0,0,180.0,0.0147,2450,2.3219,2,0.6629,0.0,0.0,1.0,0.44,0.6,6,4,1,0,0,0
1.1,0.625,0.63,0.37,0.67,0.0,0.0,63.51,1367803334699.37,70,50,0,0,0,1,0,2,0,180.0,0.0219,1750,2.3219,2,0.0674,1.0,0.0003,0.0,0.51,0.71,6,4,1,0,0,0
1.1,0.625,0.76,0.21,1.93,0.03,0.07,71.39,1048551725185.86,70,70,1,45,5,0,0,0,0,144.0,0.0261,2450,2.3219,6,0.3031,0.5,0.0082,0.0,0.0,0.0,0,0,0,0,1,0
2,0.267,0.37,0.63,1.3,0.0,0.37,43.42,2881746669546.13,50,50,1,15,4,0,0,0,0,90.0,0.0111,1250,2.3219,4,0.5212,0.5,0.0055,0.0,0.46,0.6,2,1,1,0,0,0
0.22,0.113,0.9,0.1,0.13,0.0,0.03,53.29,1191960001191.6,50,50,1,15,3,0,0,0,0,180.0,0.0093,1250,2.3219,2,0.586,0.0,0.0,1.0,0.0,0.0,0,0,1,0,0,0
0.22,0.113,0.27,0.73,22.63,0.0,0.27,257.73,2291860002290.6,90,90,1,15,5,0,0,0,0,180.0,0.0235,4050,2.3219,2,0.6347,0.0,0.0,1.0,0.62,0.65,8,5,0,0,1,0
1.1,0.625,0.23,0.77,2.1,0.0,0.3,82.71,3381346670048.13,70,90,0,0,0,1,10,4,0,200.0,0.0347,3150,2.3219,16,0.1751,0.6,0.0157,0.0,0.55,0.64,9,6,1,0,0,0
2,0.267,0.52,0.48,0.83,0.0,0.0,74.82,402220690055.66,90,50,1,15,3,0,0,0,0,180.0,0.0119,2250,2.3219,2,0.7133,1.0,0.0001,0.0,0.54,0.92,3,3,0,0,1,0
0.22,0.113,0.57,0.43,0.7,0.0,0.0,108.42,2030266668696.33,90,90,1,70,5,0,0,0,0,288.0,0.0409,4050,2.3219,10,0.2744,0.6,0.0084,0.0,0.41,0.64,8,5,1,0,0,0
0.22,0.113,0.37,0.63,14.37,0.0,0.1,173.07,1696120001694.2,90,90,1,45,3,0,0,0,0,180.0,0.0315,4050,2.3219,3,0.5053,1.0,0.0055,0.0,0.59,0.42,12,5,0,0,1,0
2,0.267,0.3,0.7,1.27,0.0,0.27,89.29,3350633336680.67,70,90,0,0,0,1,30,2,0,196.3636,0.0361,3150,2.3219,27,0.1538,0.5,0.0161,0.0,0.62,0.6,9,5,1,0,0,0
2,0.267,0.23,0.77,8.47,0.0,0.53,87.94,4072106670736.73,90,90,0,0,0,1,40,6,0,296.4706,0.0283,4050,2.3219,7,0.5372,0.3,0.038,0.0,0.57,0.43,12,5,1,0,0,0
1.1,0.625,0.4,0.6,1.8,0.0,0.43,72.46,3163050003160.5,50,90,0,0,0,1,30,4,0,231.4286,0.0205,2250,2.3219,7,0.4629,0.4,0.0224,0.0,0.37,0.5,6,3,1,0,0,0
0.22,0.113,0.9,0.1,1.1,0.0,0.07,46.61,868344828455.17,50,70,0,0,0,1,40,4,0,180.0,0.0128,1750,2.3219,12,0.6123,0.7,0.1007,0.0003,0.0,0.0,0,0,1,0,0,0
2,0.267,0.43,0.57,0.73,0.0,0.43,161.43,3328960003328.6,90,90,1,70,3,0,0,0,0,120.0,0.0339,4050,2.3219,11,0.4627,0.5,0.0091,0.0,0.0,0.0,0,0,1,0,0,0
2,0.267,0.3,0.47,0.8,0.23,0.3,202.67,4124186670789.53,50,90,0,0,0,1,10,4,0,180.0,0.025,2250,2.3219,12,0.2304,0.8,0.0178,0.0,0.38,0.55,6,3,0,0,1,0
2,0.267,0.3,0.7,2.33,0.0,0.47,87.73,3897626670563.93,70,90,1,70,3,0,0,0,0,360.0,0.0287,3150,2.3219,3,0.414,0.7,0.0065,0.0,0.54,0.56,6,3,1,0,0,0
2,0.267,0.47,0.53,0.9,0.0,0.27,67.17,2910880002909.8,50,90,0,0,0,1,10,2,0,246.8571,0.0273,2250,2.3219,20,0.1133,0.5,0.0193,0.0,0.47,0.56,9,5,1,0,0,0
0.22,0.113,0.47,0.47,0.93,0.07,0.27,133.78,3678566670344.33,90,90,0,0,0,1,40,4,0,300.0,0.0375,4050,2.3219,13,0.3578,0.5,0.0126,0.0,0.0,0.0,0,0,1,0,0,0
2,0.267,0.6,0.4,0.47,0.0,0.0,77.46,1460160001458.6,70,50,1,70,5,0,0,0,0,180.0,0.0201,1750,2.3219,2,0.2503,0.0,0.0,1.0,0.65,0.59,4,2,1,0,0,0
0.22,0.113,0.03,0.97,16.45,0.0,0.21,214.62,2385513795488.93,70,70,0,0,0,1,30,4,0,308.5714,0.0231,2450,2.3219,10,0.4122,0.6,0.0152,0.0,0.54,0.51,9,5,0,0,1,0
1.1,0.625,0.53,0.47,0.9,0.0,0.0,96.88,2558173335890.07,90,90,0,0,0,1,0,4,0,180.0,0.0454,4050,2.3219,2,0.044,0.0,0.0,1.0,0.75,0.56,8,4,1,0,0,0
2,0.267,0.47,0.53,0.8,0.0,0.07,80.5,2548483335880.17,90,50,0,0,0,1,20,2,0,252.0,0.027,2250,2.3219,23,0.1642,0.7,0.0103,0.0,0.42,0.66,6,4,1,0,0,0
1.1,0.625,0.47,0.53,0.6,0.0,0.37,32.62,2782000002779.0,50,90,1,70,3,0,0,0,0,254.1176,0.0225,2250,2.3219,10,0.4073,0.6,0.0148,0.0,0.0,0.0,0,0,1,0,0,0
1.1,0.625,0.43,0.53,1.47,0.03,0.07,51.02,1057280001056.8,70,70,0,0,0,1,20,2,0,86.4,0.0292,2450,2.3219,26,0.1482,0.5,0.0129,0.0,0.46,0.61,3,2,0,0,1,0
1.1,0.625,0.07,0.6,1.37,0.33,0.47,39.49,5407916672070.83,90,70,1,45,4,0,0,0,0,240.0,0.0268,3150,2.3219,3,0.4506,1.0,0.0069,0.0,0.0,0.0,0,0,1,0,0,0
2,0.267,0.53,0.47,0.63,0.0,0.33,206.22,2965720002963.2,70,50,0,0,0,1,10,2,0,245.4545,0.0219,1750,2.3219,11,0.1331,0.5,0.0116,0.0,0.53,0.61,4,2,1,0,0,0
0.22,0.113,0.33,0.63,1.8,0.03,0.23,100.83,2956443336287.77,90,70,0,0,0,1,30,4,0,193.8462,0.0304,3150,2.3219,19,0.3757,0.5,0.0111,0.0,0.73,0.69,3,2,1,0,0,0
2,0.267,1.0,0.0,0.0,0.0,0.0,44.68,1122586667788.53,50,50,0,0,0,1,0,4,0,180.0,0.0163,1250,2.3219,2,0.0784,1.0,0.0004,0.0,0.0,0.0,0,0,1,0,0,0
1.1,0.625,0.6,0.4,0.63,0.0,0.17,70.45,2760496669425.63,70,90,0,0,0,1,10,2,0,156.5217,0.0367,3150,2.3219,19,0.0898,0.5,0.0163,0.0,0.55,0.4,3,1,1,0,0,0
0.22,0.113,0.73,0.27,0.53,0.0,0.03,97.22,2106133335437.67,70,90,1,45,5,0,0,0,0,90.0,0.0265,3150,2.3219,6,0.4259,0.7,0.0092,0.0,0.51,0.19,3,1,1,0,0,0
0.22,0.113,0.3,0.7,26.9,0.0,0.27,357.62,2687826669352.93,70,70,1,15,5,0,0,0,0,216.0,0.0219,2450,2.3219,3,0.4512,1.0,0.0111,0.0,0.62,0.79,6,5,0,0,1,0
0.22,0.113,0.6,0.4,4.4,0.0,0.03,70.29,805920000805.2,70,70,1,70,4,0,0,0,0,180.0,0.026,2450,2.3219,7,0.2849,0.7,0.0073,0.0,0.64,0.79,3,2,0,0,1,0
1.1,0.625,0.29,0.71,7.43,0.0,0.29,145.44,2031942859173.0,90,90,0,0,0,1,40,6,0,290.7692,0.0276,4050,2.3219,18,0.5706,0.6,0.0259,0.0,0.62,0.56,12,7,0,0,1,0
1.1,0.625,0.34,0.62,4.55,0.03,0.24,183.99,2063351726200.41,70,90,0,0,0,1,20,6,0,346.1538,0.0255,3150,2.3219,8,0.4613,0.5,0.013,0.0,0.42,0.67,6,4,0,0,1,0
2,0.267,0.83,0.17,0.17,0.0,0.0,77.91,1811053335141.87,50,70,0,0,0,1,0,2,0,180.0,0.0219,1750,2.3219,2,0.0674,1.0,0.0004,0.0,0.44,0.59,2,1,1,0,0,0
2,0.267,0.5,0.5,0.8,0.0,0.43,64.68,3347520003346.2,70,70,0,0,0,1,20,4,0,205.7143,0.0251,2450,2.3219,14,0.3288,0.5,0.0138,0.0,0.0,0.0,0,0,1,0,0,0
0.22,0.113,0.68,0.32,0.68,0.0,0.04,20.52,941585715225.5,90,50,0,0,0,1,40,6,0,280.0,0.0117,2250,2.3219,10,0.7396,0.6,0.3841,0.0067,0.52,0.62,3,2,1,0,0,0
1.1,0.625,0.17,0.83,6.1,0.0,0.1,128.82,1469200001468.0,90,90,1,15,5,0,0,0,0,180.0,0.0199,4050,2.3219,2,0.6979,1.0,0.0026,0.0,0.66,0.63,12,8,0,0,1,0
0.22,0.113,0.3,0.7,1.97,0.0,0.07,126.59,2583106669247.73,90,90,1,30,5,0,0,0,0,288.0,0.0325,4050,2.3219,5,0.4499,0.6,0.0091,0.0,0.57,0.61,12,7,1,0,0,0
2,0.267,0.03,0.0,0.0,0.97,0.0,664.85,6003623339333.57,90,70,0,0,0,1,0,2,0,180.0,0.0366,3150,2.3219,2,0.0502,1.0,0.0002,0.0,0.0,0.0,0,0,0,0,1,0
0.22,0.113,0.9,0.1,2.07,0.0,0.03,46.18,474872414265.28,50,50,1,70,3,0,0,0,0,180.0,0.0161,1250,2.3219,5,0.246,0.4,0.0095,0.0,0.0,0.0,0,0,0,0,1,0
1.1,0.625,0.43,0.57,2.83,0.0,0.07,92.08,1218960001218.6,90,50,1,30,5,0,0,0,0,180.0,0.02,2250,2.3219,5,0.4156,0.4,0.0074,0.0,0.61,0.67,9,6,0,0,1,0
1.1,0.625,0.41,0.59,1.24,0.0,0.0,64.22,1020534483777.76,90,70,1,70,3,0,0,0,0,240.0,0.0285,3150,2.3219,4,0.4338,0.8,0.0097,0.0,0.49,0.75,9,7,0,1,0,0
2,0.267,0.83,0.17,0.23,0.0,0.03,60.3,1169266667835.33,70,50,1,15,5,0,0,0,0,360.0,0.0171,1750,2.3219,2,0.4034,1.0,0.008,0.0,0.64,0.23,2,0,1,0,0,0
1.1,0.625,0.47,0.53,1.47,0.0,0.07,44.45,1373420001371.2,50,90,1,45,3,0,0,0,0,90.0,0.0191,2250,2.3219,4,0.49,0.8,0.0105,0.0,0.35,0.6,9,5,1,0,0,0
1.1,0.625,0.77,0.23,1.07,0.0,0.1,73.39,1372343334705.77,50,90,1,45,5,0,0,0,0,120.0,0.0235,2250,2.3219,7,0.3191,0.6,0.01,0.0,0.0,0.0,0,0,0,0,0,1
0.22,0.113,1.0,0.0,0.0,0.0,0.0,31.04,399500000395.0,50,50,1,15,5,0,0,0,0,180.0,0.0126,1250,2.3219,3,0.4088,1.0,0.007,0.0,0.57,0.45,2,1,0,0,0,1
2,0.267,0.7,0.3,0.37,0.0,0.0,68.95,402706667069.73,90,50,1,45,3,0,0,0,0,240.0,0.0206,2250,2.3219,9,0.4536,0.3,0.014,0.0,0.63,0.49,6,3,0,0,0,1
0.22,0.113,1.0,0.0,0.0,0.0,0.0,38.01,509500000505.0,70,70,1,45,5,0,0,0,0,360.0,0.025,2450,2.3219,3,0.3331,0.3,0.0218,0.0,0.0,0.0,0,0,0,0,1,0
1.1,0.625,0.73,0.27,1.46,0.0,0.04,12.43,427153846579.62,50,50,1,15,3,0,0,0,0,360.0,0.0105,1250,2.3219,1,0.5352,0.0,0.0,1.0,0.75,0.52,6,3,1,0,0,0
2,0.267,0.63,0.37,0.63,0.0,0.0,81.94,699760000697.6,70,70,1,30,5,0,0,0,0,90.0,0.0216,2450,2.3219,4,0.4424,0.8,0.0032,0.0,0.55,0.59,9,5,0,0,0,1
0.22,0.113,0.76,0.24,0.28,0.0,0.0,29.58,712551724848.62,50,50,1,45,5,0,0,0,0,180.0,0.0158,1250,2.3219,2,0.2108,0.0,0.0,1.0,0.42,0.55,6,3,0,0,0,1
0.22,0.113,0.63,0.37,0.77,0.0,0.0,92.78,1803270001802.7,70,90,1,45,3,0,0,0,0,180.0,0.0275,3150,2.3219,13,0.4533,0.5,0.011,0.0,0.58,0.51,9,5,1,0,0,0
0.22,0.113,0.7,0.3,0.7,0.0,0.0,85.04,1423453334754.87,50,50,1,45,4,0,0,0,0,180.0,0.0146,1250,2.3219,4,0.3092,0.5,0.0075,0.0,0.56,0.42,6,3,1,0,0,0
1.1,0.625,1.0,0.0,0.0,0.0,0.0,3.19,149600000146.0,50,90,0,0,0,1,0,2,0,180.0,0.0273,2250,2.3219,2,0.0613,0.0,0.0,1.0,0.39,0.45,9,4,0,0,0,1
2,0.267,0.9,0.1,0.1,0.0,0.1,96.51,2523000002520.0,70,90,0,0,0,1,40,2,0,45.0,0.0359,3150,2.3219,42,0.1962,0.6,0.0164,0.0,0.0,0.0,0,0,1,0,0,0
0.22,0.113,0.0,1.0,1.0,0.0,0.0,346.07,5729800005728.0,70,70,0,0,0,1,40,4,0,346.1538,0.0207,2450,2.3219,9,0.502,0.6,0.0143,0.0,0.0,0.0,0,0,0,0,1,0
2,0.267,0.03,0.7,1.93,0.27,0.67,510.31,5840426672504.93,90,90,1,70,5,0,0,0,0,288.0,0.0343,4050,2.3219,7,0.3914,0.6,0.0081,0.0,0.59,0.57,8,5,0,0,1,0
0.22,0.113,0.0,1.0,1.0,0.0,0.0,381.61,5920400005924.0,50,50,0,0,0,1,20,2,0,154.2857,0.0154,1250,2.3219,13,0.2616,0.4,0.0127,0.0,0.0,0.0,0,0,0,0,1,0
1.1,0.625,0.53,0.47,0.83,0.0,0.0,55.74,864893334197.27,90,90,1,45,5,0,0,0,0,261.8182,0.0367,4050,2.3219,6,0.3649,0.7,0.0079,0.0,0.52,0.55,12,7,0,0,0,1
0.22,0.113,1.0,0.0,0.0,0.0,0.0,26.35,603643333936.77,50,70,1,45,5,0,0,0,0,180.0,0.0187,1750,2.3219,2,0.3186,0.0,0.0,1.0,0.0,0.0,0,0,0,0,0,1
2,0.267,0.27,0.2,1.8,0.53,0.03,169.79,4416110004414.1,50,90,0,0,0,1,30,2,0,171.4286,0.0264,2250,2.3219,28,0.2076,0.7,0.0196,0.0,0.0,0.0,0,0,0,0,1,0
1.1,0.625,0.97,0.0,0.0,0.03,0.0,33.56,802951724939.52,70,50,1,70,5,0,0,0,0,90.0,0.0201,1750,2.3219,4,0.2469,0.5,0.003,0.0,0.0,0.0,0,0,0,0,1,0
1.1,0.625,0.4,0.57,1.2,0.03,0.43,91.02,3636440003634.4,70,70,0,0,0,1,40,2,0,231.4286,0.0285,2450,2.3219,26,0.2265,0.5,0.0127,0.0,0.0,0.0,0,0,1,0,0,0
0.22,0.113,0.9,0.1,0.1,0.0,0.0,31.81,732856667398.23,70,50,0,0,0,1,0,2,0,180.0,0.0219,1750,2.3219,2,0.0674,1.0,0.0003,0.0,0.51,0.48,4,2,0,0,0,1
1.1,0.625,1.0,0.0,0.0,0.0,0.0,1.21,59800000058.0,70,70,1,70,3,0,0,0,0,249.2308,0.0244,2450,2.3219,8,0.3673,0.5,0.0082,0.0,0.57,0.51,3,2,0,0,0,1
1.1,0.625,0.5,0.47,1.97,0.03,0.1,124.91,1531133334862.67,70,70,1,30,5,0,0,0,0,240.0,0.0211,2450,2.3219,3,0.4608,0.7,0.0062,0.0,0.5,0.66,6,4,0,0,1,0
2,0.267,0.46,0.54,1.68,0.0,0.0,133.45,622792857765.07,90,50,1,30,3,0,0,0,0,180.0,0.0158,2250,2.3219,2,0.5976,0.0,0.0,1.0,0.45,0.71,6,4,0,0,0,1
1.1,0.625,0.5,0.5,1.13,0.0,0.23,61.13,2419210002418.1,70,70,0,0,0,1,20,2,0,185.1429,0.0292,2450,2.3219,23,0.1531,0.5,0.0143,0.0,0.51,0.54,6,3,1,0,0,0
1.1,0.625,0.66,0.31,0.97,0.03,0.24,31.88,1806355174218.38,70,50,1,70,3,0,0,0,0,205.7143,0.0195,1750,2.3219,7,0.3091,0.7,0.0102,0.0,0.44,0.39,2,1,0,0,1,0
0.22,0.113,0.23,0.77,14.53,0.0,0.03,168.45,1414066668078.33,90,50,1,15,3,0,0,0,0,180.0,0.0142,2250,2.3219,2,0.6531,1.0,0.0001,0.0,0.65,0.6,6,4,0,0,1,0
2,0.267,0.17,0.0,0.0,0.83,0.0,194.41,5227306671890.73,50,90,0,0,0,1,0,6,0,180.0,0.0273,2250,2.3219,2,0.0613,0.0,0.0,1.0,0.0,0.0,0,0,0,0,1,0
1.1,0.625,0.07,0.89,17.15,0.04,0.74,258.87,4926322227148.78,90,90,0,0,0,1,40,6,0,288.0,0.0273,4050,2.3219,12,0.5895,0.7,0.0203,0.0,0.59,0.67,8,5,0,0,1,0
0.22,0.113,0.55,0.45,6.62,0.0,0.07,120.05,1004951725140.9,90,50,0,0,0,1,10,6,0,154.2857,0.022,2250,2.3219,6,0.3573,0.3,0.0067,0.0,0.57,0.73,6,4,0,0,1,0
0.22,0.113,0.5,0.5,1.0,0.0,0.03,70.0,1546280001545.8,70,50,1,15,4,0,0,0,0,180.0,0.0124,1750,2.3219,2,0.6017,0.0,0.0,1.0,0.56,0.53,6,3,1,0,0,0
2,0.267,0.3,0.63,2.4,0.07,0.33,146.01,3657933336990.67,50,90,1,15,4,0,0,0,0,90.0,0.0161,2250,2.3219,4,0.5696,0.5,0.0163,0.0,0.65,0.58,3,2,0,0,1,0
1.1,0.625,0.13,0.87,10.27,0.0,0.5,165.11,3401503336733.37,90,70,1,30,3,0,0,0,0,270.0,0.0231,3150,2.3219,6,0.5559,0.3,0.0089,0.0,0.57,0.49,6,3,0,0,1,0
1.1,0.625,0.52,0.48,0.83,0.0,0.03,23.29,388068965903.45,50,70,0,0,0,1,20,4,0,300.0,0.0172,1750,2.3219,12,0.428,0.4,0.0364,0.0,0.62,0.66,4,3,0,0,1,0
0.22,0.113,0.77,0.23,7.62,0.0,0.08,118.9,811369231579.08,70,50,1,15,3,0,0,0,0,360.0,0.0099,1750,2.3219,1,0.7103,0.0,0.0,1.0,0.85,0.54,2,1,0,0,1,0
0.22,0.113,0.57,0.43,5.9,0.0,0.03,110.9,1170173334502.07,70,70,0,0,0,1,10,4,0,130.9091,0.0275,2450,2.3219,10,0.1998,0.4,0.0129,0.0,0.49,0.8,3,2,0,0,1,0
2,0.267,0.63,0.37,0.53,0.0,0.13,33.33,1794040001791.4,70,50,0,0,0,1,30,4,0,216.0,0.0153,1750,2.3219,11,0.5103,0.6,0.0786,0.0003,0.31,0.43,2,1,1,0,0,0
1.1,0.625,0.27,0.73,1.5,0.0,0.0,19.37,451906667117.73,90,50,0,0,0,1,20,6,0,240.0,0.0172,2250,2.3219,6,0.5591,0.5,0.0101,0.0,0.56,0.6,9,5,1,0,0,0
0.22,0.113,1.0,0.0,0.0,0.0,0.0,106.63,2505480002503.8,90,90,0,0,0,1,0,4,0,180.0,0.0454,4050,2.3219,2,0.044,0.0,0.0,1.0,0.0,0.0,0,0,1,0,0,0
0.22,0.113,0.83,0.17,0.2,0.0,0.0,47.22,552893333885.27,90,70,0,0,0,1,0,6,0,180.0,0.0366,3150,2.3219,2,0.0502,1.0,0.0002,0.0,0.56,0.44,6,3,0,0,1,0
0.22,0.113,0.4,0.6,1.6,0.0,0.13,82.79,2283463335614.97,70,50,0,0,0,1,40,2,0,112.5,0.02,1750,2.3219,16,0.3083,0.6,0.0264,0.0,0.39,0.57,6,3,1,0,0,0
2,0.267,1.0,0.0,0.0,0.0,0.0,93.57,1605506668270.73,90,50,0,0,0,1,0,6,0,180.0,0.0273,2250,2.3219,2,0.0613,0.0,0.0,1.0,0.0,0.0,0,0,1,0,0,0
1.1,0.625,0.6,0.4,0.63,0.0,0.0,39.84,546093333877.27,50,90,0,0,0,1,0,2,0,180.0,0.0273,2250,2.3219,2,0.0613,0.0,0.0,1.0,0.77,0.56,9,5,0,0,1,0
0.22,0.113,0.48,0.52,1.28,0.0,0.07,38.47,1732706898283.97,70,90,1,15,3,0,0,0,0,360.0,0.0146,3150,2.3219,2,0.7446,1.0,0.01,0.0,0.47,0.5,6,3,1,0,0,0
1.1,0.625,0.77,0.23,2.0,0.0,0.13,39.21,1214960001214.6,50,50,0,0,0,1,10,2,0,227.3684,0.0161,1250,2.3219,14,0.1736,0.4,0.0128,0.0,0.0,0.0,0,0,0,0,1,0
1.1,0.625,0.47,0.53,1.03,0.0,0.17,62.3,2360480002358.8,50,90,1,45,4,0,0,0,0,308.5714,0.0202,2250,2.3219,3,0.4142,0.7,0.0111,0.0,0.56,0.53,3,2,1,0,0,0
2,0.267,0.27,0.6,1.9,0.13,0.3,228.61,3755080003752.8,50,90,1,45,4,0,0,0,0,120.0,0.0223,2250,2.3219,8,0.3651,0.2,0.013,0.0,0.54,0.57,6,3,0,0,1,0
1.1,0.625,0.67,0.3,1.83,0.03,0.03,66.33,1032786667697.53,90,70,1,30,5,0,0,0,0,90.0,0.0279,3150,2.3219,5,0.3973,0.4,0.0087,0.0,0.74,0.53,3,2,0,0,1,0
1.1,0.625,0.17,0.83,3.0,0.0,0.07,101.83,1583733334914.67,90,50,1,70,3,0,0,0,0,270.0,0.0212,2250,2.3219,7,0.4289,0.7,0.0125,0.0,0.58,0.63,9,6,0,0,1,0
1.1,0.625,0.4,0.43,0.83,0.17,0.33,107.2,3292026669955.93,70,50,0,0,0,1,10,4,0,327.2727,0.0194,1750,2.3219,7,0.2869,0.6,0.0139,0.0,0.0,0.0,0,0,0,0,1,0
2,0.267,0.7,0.3,0.37,0.0,0.0,56.79,1349020001349.2,50,70,0,0,0,1,0,2,0,180.0,0.0219,1750,2.3219,2,0.0674,1.0,0.0004,0.0,0.58,0.52,6,3,1,0,0,0
2,0.267,0.37,0.6,1.0,0.03,0.5,41.8,3709506670374.73,70,70,1,45,4,0,0,0,0,288.0,0.0225,2450,2.3219,6,0.3943,0.5,0.0088,0.0,0.0,0.0,0,0,1,0,0,0
2,0.267,0.37,0.63,1.7,0.0,0.43,43.35,3027960003027.6,50,90,1,30,3,0,0,0,0,288.0,0.0187,2250,2.3219,3,0.5273,0.7,0.0134,0.0,0.38,0.8,3,2,1,0,0,0
2,0.267,0.2,0.8,2.33,0.0,0.37,95.7,3484770003482.7,90,70,1,30,4,0,0,0,0,360.0,0.0226,3150,2.3219,1,0.5421,0.0,0.0,1.0,0.49,0.73,9,7,1,0,0,0
0.22,0.113,0.38,0.62,6.76,0.0,0.07,115.76,1101910345928.07,90,50,1,70,3,0,0,0,0,150.0,0.0223,2250,2.3219,11,0.4093,0.5,0.0078,0.0,0.52,0.41,6,2,0,0,1,0
0.22,0.113,0.54,0.46,9.89,0.0,0.32,281.92,2412728573840.14,70,70,0,0,0,1,40,4,0,270.0,0.02,2450,2.3219,8,0.5414,0.4,0.0145,0.0,0.0,0.0,0,0,0,0,1,0
0.22,0.113,0.3,0.7,1.73,0.0,0.17,118.58,3232100003233.0,90,70,0,0,0,1,10,6,0,240.0,0.0307,3150,2.3219,3,0.2983,0.7,0.0035,0.0,0.6,0.66,6,4,1,0,0,0
2,0.267,0.1,0.9,6.3,0.0,0.53,414.75,4401553337733.87,90,90,0,0,0,1,40,4,0,308.5714,0.037,4050,2.3219,18,0.3846,0.5,0.0137,0.0,0.6,0.51,12,6,0,0,1,0
2,0.267,0.9,0.03,0.03,0.07,0.03,31.31,938733334269.67,50,70,0,0,0,1,30,4,0,205.7143,0.0155,1750,2.3219,7,0.512,0.6,0.0191,0.0,0.0,0.0,0,0,0,0,1,0
